Position,Name + ID,Name,ID,Roster Position,Salary,Game Info,TeamAbbrev,AvgPointsPerGame
SP,Max Scherzer (21931750),Max Scherzer,21931750,P,10700,NYM@WAS 04/07/2022 07:05PM ET,NYM,23.73
SP,Jacob deGrom (21931204),Jacob deGrom,21931204,P,10500,NYM@WAS 04/07/2022 07:05PM ET,NYM,31.92
SP,Blake Snell (21931751),Blake Snell,21931751,P,10000,SD@ARI 04/07/2022 09:40PM ET,SD,16.06
SP,Yu Darvish (21931205),Yu Darvish,21931205,P,9500,SD@ARI 04/07/2022 09:40PM ET,SD,17.81
SP,Luis Castillo (21931752),Luis Castillo,21931752,P,9300,CIN@ATL 04/07/2022 08:08PM ET,CIN,15.59
SP,Cal Quantrill (21931753),Cal Quantrill,21931753,P,9100,CLE@KC 04/07/2022 04:10PM ET,CLE,10.36
SP,Max Fried (21931206),Max Fried,21931206,P,9000,CIN@ATL 04/07/2022 08:08PM ET,ATL,16.55
SP,Mike Clevinger (21931754),Mike Clevinger,21931754,P,9000,SD@ARI 04/07/2022 09:40PM ET,SD,0
SP,Chris Flexen (21931755),Chris Flexen,21931755,P,8700,Postponed,SEA,13.83
SP,Aaron Civale (21931756),Aaron Civale,21931756,P,8600,CLE@KC 04/07/2022 04:10PM ET,CLE,15.90
SP,Stephen Strasburg (21931757),Stephen Strasburg,21931757,P,8500,NYM@WAS 04/07/2022 07:05PM ET,WAS,10.83
SP,Sonny Gray (21931758),Sonny Gray,21931758,P,8400,Postponed,MIN,15.87
SP,Lance McCullers Jr. (21931759),Lance McCullers Jr.,21931759,P,8300,HOU@LAA 04/07/2022 09:38PM ET,HOU,18.27
SP,Shane Bieber (21931207),Shane Bieber,21931207,P,8300,CLE@KC 04/07/2022 04:10PM ET,CLE,23.31
SP,Huascar Ynoa (21931760),Huascar Ynoa,21931760,P,8200,CIN@ATL 04/07/2022 08:08PM ET,ATL,14.54
SP,Triston McKenzie (21931761),Triston McKenzie,21931761,P,8100,CLE@KC 04/07/2022 04:10PM ET,CLE,13.72
SP,Chris Paddack (21931762),Chris Paddack,21931762,P,8000,SD@ARI 04/07/2022 09:40PM ET,SD,11.04
SP,Kenta Maeda (21931763),Kenta Maeda,21931763,P,8000,Postponed,MIN,12.79
SP,Charlie Morton (21931766),Charlie Morton,21931766,P,7900,CIN@ATL 04/07/2022 08:08PM ET,ATL,18.34
SP,Joe Musgrove (21931765),Joe Musgrove,21931765,P,7900,SD@ARI 04/07/2022 09:40PM ET,SD,15.42
SP,Marco Gonzales (21931764),Marco Gonzales,21931764,P,7900,Postponed,SEA,14.07
RP,Framber Valdez (21931208),Framber Valdez,21931208,P,7900,HOU@LAA 04/07/2022 09:38PM ET,HOU,15.61
SP,Justin Verlander (21931767),Justin Verlander,21931767,P,7800,HOU@LAA 04/07/2022 09:38PM ET,HOU,0
SP,Tyler Mahle (21931209),Tyler Mahle,21931209,P,7700,CIN@ATL 04/07/2022 08:08PM ET,CIN,17.81
SP,Reiver Sanmartin (21931769),Reiver Sanmartin,21931769,P,7600,CIN@ATL 04/07/2022 08:08PM ET,CIN,21.92
SP,Tylor Megill (21931768),Tylor Megill,21931768,P,7600,NYM@WAS 04/07/2022 07:05PM ET,NYM,14.34
SP,Noah Syndergaard (21931770),Noah Syndergaard,21931770,P,7600,HOU@LAA 04/07/2022 09:38PM ET,LAA,1.35
SP,Adam Wainwright (21931210),Adam Wainwright,21931210,P,7500,PIT@STL 04/07/2022 04:15PM ET,STL,18.01
SP,JT Brubaker (21931771),JT Brubaker,21931771,P,7500,PIT@STL 04/07/2022 04:15PM ET,PIT,12.31
SP,Dillon Peters (21931772),Dillon Peters,21931772,P,7500,PIT@STL 04/07/2022 04:15PM ET,PIT,10.97
SP,Vladimir Gutierrez (21931774),Vladimir Gutierrez,21931774,P,7400,CIN@ATL 04/07/2022 08:08PM ET,CIN,11.34
SP,Joe Ross (21931773),Joe Ross,21931773,P,7400,NYM@WAS 04/07/2022 07:05PM ET,WAS,13.5
SP,Chris Archer (21931775),Chris Archer,21931775,P,7300,Postponed,MIN,8.98
SP,Logan Gilbert (21931776),Logan Gilbert,21931776,P,7300,Postponed,SEA,14.04
SP,Cristian Javier (21931777),Cristian Javier,21931777,P,7300,HOU@LAA 04/07/2022 09:38PM ET,HOU,9.37
SP,Dinelson Lamet (21931778),Dinelson Lamet,21931778,P,7200,SD@ARI 04/07/2022 09:40PM ET,SD,6.30
SP,Zac Gallen (21931780),Zac Gallen,21931780,P,7200,SD@ARI 04/07/2022 09:40PM ET,ARI,15.6
SP,Joe Ryan (21931211),Joe Ryan,21931211,P,7200,Postponed,MIN,18.28
SP,Griffin Canning (21931779),Griffin Canning,21931779,P,7200,HOU@LAA 04/07/2022 09:38PM ET,LAA,9.41
RP,Kyle Muller (21931781),Kyle Muller,21931781,P,7100,CIN@ATL 04/07/2022 08:08PM ET,ATL,11.3
SP,Josh Rogers (21931782),Josh Rogers,21931782,P,7100,NYM@WAS 04/07/2022 07:05PM ET,WAS,12.91
SP,Chris Bassitt (21931784),Chris Bassitt,21931784,P,7000,NYM@WAS 04/07/2022 07:05PM ET,NYM,18.84
SP,Carlos Carrasco (21931786),Carlos Carrasco,21931786,P,7000,NYM@WAS 04/07/2022 07:05PM ET,NYM,8.88
SP,Aaron Sanchez (21931788),Aaron Sanchez,21931788,P,7000,NYM@WAS 04/07/2022 07:05PM ET,WAS,8.99
RP,Josiah Gray (21931789),Josiah Gray,21931789,P,7000,NYM@WAS 04/07/2022 07:05PM ET,WAS,12.44
SP,Steven Matz (21931783),Steven Matz,21931783,P,7000,PIT@STL 04/07/2022 04:15PM ET,STL,14.86
RP,Zach Thompson (21931785),Zach Thompson,21931785,P,7000,PIT@STL 04/07/2022 04:15PM ET,PIT,7.49
SP,Shohei Ohtani (21931212),Shohei Ohtani,21931212,P,7000,HOU@LAA 04/07/2022 09:38PM ET,LAA,2.90
SP,Chris Rodriguez (21931790),Chris Rodriguez,21931790,P,7000,HOU@LAA 04/07/2022 09:38PM ET,LAA,5.37
SP,Kris Bubic (21931787),Kris Bubic,21931787,P,7000,CLE@KC 04/07/2022 04:10PM ET,KC,10.49
SP,Ian Anderson (21931795),Ian Anderson,21931795,P,6900,CIN@ATL 04/07/2022 08:08PM ET,ATL,15.6
SP,Mike Minor (21931797),Mike Minor,21931797,P,6900,CIN@ATL 04/07/2022 08:08PM ET,CIN,13.85
SP,Taijuan Walker (21931792),Taijuan Walker,21931792,P,6900,NYM@WAS 04/07/2022 07:05PM ET,NYM,13.05
RP,Chase De Jong (21931794),Chase De Jong,21931794,P,6900,PIT@STL 04/07/2022 04:15PM ET,PIT,8.28
RP,Devin Smeltzer (21931793),Devin Smeltzer,21931793,P,6900,Postponed,MIN,14.1
SP,Asher Wojciechowski (21931796),Asher Wojciechowski,21931796,P,6900,Postponed,SEA,8.8
RP,Jhonathan Diaz (21931791),Jhonathan Diaz,21931791,P,6900,HOU@LAA 04/07/2022 09:38PM ET,LAA,9.28
SP,Erick Fedde (21931798),Erick Fedde,21931798,P,6800,NYM@WAS 04/07/2022 07:05PM ET,WAS,10.50
RP,Seth Lugo (21931802),Seth Lugo,21931802,P,6800,NYM@WAS 04/07/2022 07:05PM ET,NYM,3.43
SP,Jack Flaherty (21931801),Jack Flaherty,21931801,P,6800,PIT@STL 04/07/2022 04:15PM ET,STL,16.05
SP,Jose Urquidy (21931799),Jose Urquidy,21931799,P,6800,HOU@LAA 04/07/2022 09:38PM ET,HOU,13.95
RP,Luis Garcia (21931800),Luis Garcia,21931800,P,6800,HOU@LAA 04/07/2022 09:38PM ET,HOU,15.26
SP,Patrick Sandoval (21931803),Patrick Sandoval,21931803,P,6800,HOU@LAA 04/07/2022 09:38PM ET,LAA,15.32
RP,Justin Dunn (21931809),Justin Dunn,21931809,P,6700,CIN@ATL 04/07/2022 08:08PM ET,CIN,11.93
SP,Patrick Corbin (21931213),Patrick Corbin,21931213,P,6700,NYM@WAS 04/07/2022 07:05PM ET,WAS,10.75
SP,David Peterson (21931806),David Peterson,21931806,P,6700,NYM@WAS 04/07/2022 07:05PM ET,NYM,9.74
SP,Bryse Wilson (21931805),Bryse Wilson,21931805,P,6700,PIT@STL 04/07/2022 04:15PM ET,PIT,7.36
SP,Bailey Ober (21931808),Bailey Ober,21931808,P,6700,Postponed,MIN,12.93
SP,Jose Suarez (21931807),Jose Suarez,21931807,P,6700,HOU@LAA 04/07/2022 09:38PM ET,LAA,11.68
SP,Eli Morgan (21931804),Eli Morgan,21931804,P,6700,CLE@KC 04/07/2022 04:10PM ET,CLE,11.52
RP,Sean Nolin (21931812),Sean Nolin,21931812,P,6600,NYM@WAS 04/07/2022 07:05PM ET,WAS,4.58
SP,Jaime Barria (21931811),Jaime Barria,21931811,P,6600,HOU@LAA 04/07/2022 09:38PM ET,LAA,7.15
SP,Reid Detmers (21931813),Reid Detmers,21931813,P,6600,HOU@LAA 04/07/2022 09:38PM ET,LAA,6.22
RP,Logan Allen (21931810),Logan Allen,21931810,P,6600,CLE@KC 04/07/2022 04:10PM ET,CLE,5.42
SP,Merrill Kelly (21931818),Merrill Kelly,21931818,P,6500,SD@ARI 04/07/2022 09:40PM ET,ARI,13.43
SP,Mitch Keller (21931817),Mitch Keller,21931817,P,6500,PIT@STL 04/07/2022 04:15PM ET,PIT,7.51
SP,Erik Swanson (21931816),Erik Swanson,21931816,P,6500,Postponed,SEA,3.03
SP,Brady Singer (21931814),Brady Singer,21931814,P,6500,CLE@KC 04/07/2022 04:10PM ET,KC,11.38
SP,Zach Plesac (21931815),Zach Plesac,21931815,P,6500,CLE@KC 04/07/2022 04:10PM ET,CLE,12.25
SP,Touki Toussaint (21931820),Touki Toussaint,21931820,P,6400,CIN@ATL 04/07/2022 08:08PM ET,ATL,11.63
SP,Justus Sheffield (21931819),Justus Sheffield,21931819,P,6400,Postponed,SEA,5.22
SP,Wil Crowe (21931821),Wil Crowe,21931821,P,6300,PIT@STL 04/07/2022 04:15PM ET,PIT,8.45
SP,Robbie Ray (21931214),Robbie Ray,21931214,P,6300,Postponed,SEA,23.04
SP,Luke Weaver (21931822),Luke Weaver,21931822,P,6200,SD@ARI 04/07/2022 09:40PM ET,ARI,13.41
OF,Mike Trout (21931218),Mike Trout,21931218,OF,6200,HOU@LAA 04/07/2022 09:38PM ET,LAA,9.56
2B,Jose Altuve (21931219),Jose Altuve,21931219,2B,6100,HOU@LAA 04/07/2022 09:38PM ET,HOU,9.40
SP,Jake Odorizzi (21931823),Jake Odorizzi,21931823,P,6100,HOU@LAA 04/07/2022 09:38PM ET,HOU,10.94
OF,Ronald Acuna Jr. (21931220),Ronald Acuna Jr.,21931220,OF,6000,CIN@ATL 04/07/2022 08:08PM ET,ATL,11.12
SP,Jose Quintana (21931215),Jose Quintana,21931215,P,6000,PIT@STL 04/07/2022 04:15PM ET,PIT,5.37
SP,Madison Bumgarner (21931216),Madison Bumgarner,21931216,P,5900,SD@ARI 04/07/2022 09:40PM ET,ARI,12.60
3B,Nolan Arenado (21931221),Nolan Arenado,21931221,3B,5900,PIT@STL 04/07/2022 04:15PM ET,STL,7.98
SP,Dylan Bundy (21931824),Dylan Bundy,21931824,P,5900,Postponed,MIN,7.52
RP,Griffin Jax (21931825),Griffin Jax,21931825,P,5900,Postponed,MIN,8.05
RP,Collin McHugh (21931826),Collin McHugh,21931826,P,5800,CIN@ATL 04/07/2022 08:08PM ET,ATL,6.63
2B,Tommy Edman (21931222),Tommy Edman,21931222,2B,5800,PIT@STL 04/07/2022 04:15PM ET,STL,7.71
SP,Daniel Mengden (21931827),Daniel Mengden,21931827,P,5800,CLE@KC 04/07/2022 04:10PM ET,KC,0
1B,Matt Olson (21931223),Matt Olson,21931223,1B,5700,CIN@ATL 04/07/2022 08:08PM ET,ATL,9.23
SP,Zach Davies (21931829),Zach Davies,21931829,P,5700,SD@ARI 04/07/2022 09:40PM ET,ARI,7.57
SP,Zack Greinke (21931217),Zack Greinke,21931217,P,5700,CLE@KC 04/07/2022 04:10PM ET,KC,11.89
SP,Daniel Lynch (21931828),Daniel Lynch,21931828,P,5700,CLE@KC 04/07/2022 04:10PM ET,KC,8.27
RP,Tyler Gilbert (21931831),Tyler Gilbert,21931831,P,5600,SD@ARI 04/07/2022 09:40PM ET,ARI,11.64
OF,Tyler O'Neill (21931225),Tyler O'Neill,21931225,OF,5600,PIT@STL 04/07/2022 04:15PM ET,STL,8.94
RP,Dakota Hudson (21931830),Dakota Hudson,21931830,P,5600,PIT@STL 04/07/2022 04:15PM ET,STL,13.05
3B,Jose Ramirez (21931224),Jose Ramirez,21931224,3B,5600,CLE@KC 04/07/2022 04:10PM ET,CLE,9.86
2B,Ozzie Albies (21931226),Ozzie Albies,21931226,2B,5500,CIN@ATL 04/07/2022 08:08PM ET,ATL,8.96
SS,Fernando Tatis Jr. (21931227),Fernando Tatis Jr.,21931227,SS,5500,SD@ARI 04/07/2022 09:40PM ET,SD,10.82
SP,Taylor Widener (21931833),Taylor Widener,21931833,P,5500,SD@ARI 04/07/2022 09:40PM ET,ARI,7.78
SP,Carlos Hernandez (21931832),Carlos Hernandez,21931832,P,5500,CLE@KC 04/07/2022 04:10PM ET,KC,9.43
3B,Austin Riley (21931228),Austin Riley,21931228,3B,5400,CIN@ATL 04/07/2022 08:08PM ET,ATL,8.39
SP,Miles Mikolas (21931835),Miles Mikolas,21931835,P,5400,PIT@STL 04/07/2022 04:15PM ET,STL,10.54
OF,Byron Buxton (21931230),Byron Buxton,21931230,OF,5400,Postponed,MIN,10.52
3B,Alex Bregman (21931229),Alex Bregman,21931229,3B,5400,HOU@LAA 04/07/2022 09:38PM ET,HOU,7.64
SP,Brad Keller (21931834),Brad Keller,21931834,P,5400,CLE@KC 04/07/2022 04:10PM ET,KC,10.59
SP,Tucker Davidson (21931836),Tucker Davidson,21931836,P,5300,CIN@ATL 04/07/2022 08:08PM ET,ATL,10.14
1B,Paul Goldschmidt (21931231),Paul Goldschmidt,21931231,1B,5300,PIT@STL 04/07/2022 04:15PM ET,STL,9.01
SS,Dansby Swanson (21931232),Dansby Swanson,21931232,SS,5200,CIN@ATL 04/07/2022 08:08PM ET,ATL,7.27
SP,Johan Oviedo (21931837),Johan Oviedo,21931837,P,5200,PIT@STL 04/07/2022 04:15PM ET,STL,7.99
OF,Kyle Tucker (21931233),Kyle Tucker,21931233,OF,5200,HOU@LAA 04/07/2022 09:38PM ET,HOU,9.31
1B,Joey Votto (21931236),Joey Votto,21931236,1B,5100,CIN@ATL 04/07/2022 08:08PM ET,CIN,9.08
OF,Starling Marte (21931235),Starling Marte,21931235,OF,5100,NYM@WAS 04/07/2022 07:05PM ET,NYM,10.19
SP,Jake Woodford (21931838),Jake Woodford,21931838,P,5100,PIT@STL 04/07/2022 04:15PM ET,STL,5.59
2B,Jorge Polanco (21931237),Jorge Polanco,21931237,2B,5100,Postponed,MIN,8.75
C,Salvador Perez (21931234),Salvador Perez,21931234,C,5100,CLE@KC 04/07/2022 04:10PM ET,KC,8.67
RP,Humberto Castellanos (21931839),Humberto Castellanos,21931839,P,5000,SD@ARI 04/07/2022 09:40PM ET,ARI,5.70
OF,Juan Soto (21931239),Juan Soto,21931239,OF,5000,NYM@WAS 04/07/2022 07:05PM ET,WAS,9.77
SS,Carlos Correa (21931238),Carlos Correa,21931238,SS,5000,Postponed,MIN,8.48
OF,Yordan Alvarez (21931242),Yordan Alvarez,21931242,OF,4900,HOU@LAA 04/07/2022 09:38PM ET,HOU,8.88
3B/SS,Adalberto Mondesi (21931240),Adalberto Mondesi,21931240,3B/SS,4900,CLE@KC 04/07/2022 04:10PM ET,KC,8.89
2B,Jonathan India (21931246),Jonathan India,21931246,2B,4800,CIN@ATL 04/07/2022 08:08PM ET,CIN,8.24
3B,Manny Machado (21931243),Manny Machado,21931243,3B,4800,SD@ARI 04/07/2022 09:40PM ET,SD,8.66
1B,Pete Alonso (21931244),Pete Alonso,21931244,1B,4800,NYM@WAS 04/07/2022 07:05PM ET,NYM,8.43
OF,Dylan Carlson (21931245),Dylan Carlson,21931245,OF,4800,PIT@STL 04/07/2022 04:15PM ET,STL,7.20
2B/OF,Ketel Marte (21931575),Ketel Marte,21931575,2B/OF,4700,SD@ARI 04/07/2022 09:40PM ET,ARI,8.5
OF,Mitch Haniger (21931249),Mitch Haniger,21931249,OF,4700,Postponed,SEA,8.51
C,Gary Sanchez (21931250),Gary Sanchez,21931250,C,4700,Postponed,MIN,6.41
3B,Anthony Rendon (21931247),Anthony Rendon,21931247,3B,4700,HOU@LAA 04/07/2022 09:38PM ET,LAA,6.90
1B,Yuli Gurriel (21931248),Yuli Gurriel,21931248,1B,4700,HOU@LAA 04/07/2022 09:38PM ET,HOU,7.89
1B,Josh Bell (21931251),Josh Bell,21931251,1B,4600,NYM@WAS 04/07/2022 07:05PM ET,WAS,7.58
SS,Francisco Lindor (21931252),Francisco Lindor,21931252,SS,4600,NYM@WAS 04/07/2022 07:05PM ET,NYM,7.64
2B/OF,Whit Merrifield (21931253),Whit Merrifield,21931253,2B/OF,4600,CLE@KC 04/07/2022 04:10PM ET,KC,8.34
OF,Adam Duvall (21931255),Adam Duvall,21931255,OF,4500,CIN@ATL 04/07/2022 08:08PM ET,ATL,7.56
OF,Mark Canha (21931257),Mark Canha,21931257,OF,4500,NYM@WAS 04/07/2022 07:05PM ET,NYM,7.94
OF,Franmil Reyes (21931256),Franmil Reyes,21931256,OF,4500,CLE@KC 04/07/2022 04:10PM ET,CLE,8.42
SP,Jackson Kowar (21931840),Jackson Kowar,21931840,P,4500,CLE@KC 04/07/2022 04:10PM ET,KC,1.25
OF,Bryan Reynolds (21931259),Bryan Reynolds,21931259,OF,4400,PIT@STL 04/07/2022 04:15PM ET,PIT,8.44
OF,Michael Brantley (21931258),Michael Brantley,21931258,OF,4400,HOU@LAA 04/07/2022 09:38PM ET,HOU,7.22
1B,Jared Walsh (21931260),Jared Walsh,21931260,1B,4400,HOU@LAA 04/07/2022 09:38PM ET,LAA,8.10
OF,Marcell Ozuna (21931261),Marcell Ozuna,21931261,OF,4300,CIN@ATL 04/07/2022 08:08PM ET,ATL,6.56
SS,Alcides Escobar (21931262),Alcides Escobar,21931262,SS,4300,NYM@WAS 04/07/2022 07:05PM ET,WAS,7.8
OF,Harrison Bader (21931264),Harrison Bader,21931264,OF,4300,PIT@STL 04/07/2022 04:15PM ET,STL,7.28
OF,Jesse Winker (21931265),Jesse Winker,21931265,OF,4300,Postponed,SEA,9.54
1B,Ty France (21931266),Ty France,21931266,1B,4300,Postponed,SEA,7.61
OF,Myles Straw (21931263),Myles Straw,21931263,OF,4300,CLE@KC 04/07/2022 04:10PM ET,CLE,7
OF,Eddie Rosario (21931267),Eddie Rosario,21931267,OF,4200,CIN@ATL 04/07/2022 08:08PM ET,ATL,7.36
1B/2B,Jake Cronenworth (21931270),Jake Cronenworth,21931270,1B/2B,4200,SD@ARI 04/07/2022 09:40PM ET,SD,7.76
2B/SS,Josh Rojas (21931577),Josh Rojas,21931577,2B/SS,4200,SD@ARI 04/07/2022 09:40PM ET,ARI,6.67
C,Yadier Molina (21931272),Yadier Molina,21931272,C,4200,PIT@STL 04/07/2022 04:15PM ET,STL,6.09
OF/SS,Amed Rosario (21931268),Amed Rosario,21931268,SS/OF,4200,CLE@KC 04/07/2022 04:10PM ET,CLE,7.31
1B/3B,Eduardo Escobar (21931273),Eduardo Escobar,21931273,1B/3B,4100,NYM@WAS 04/07/2022 07:05PM ET,NYM,7.59
OF,Andrew Benintendi (21931275),Andrew Benintendi,21931275,OF,4100,CLE@KC 04/07/2022 04:10PM ET,KC,7.31
RP,Blake Parker (21932059),Blake Parker,21932059,P,4000,PIT@STL 04/07/2022 04:15PM ET,STL,2.57
C,Manny Pina (21931276),Manny Pina,21931276,C,4000,CIN@ATL 04/07/2022 08:08PM ET,ATL,4.86
SP,Tejay Antone (21931847),Tejay Antone,21931847,P,4000,CIN@ATL 04/07/2022 08:08PM ET,CIN,5.74
SP,Jeff Hoffman (21931850),Jeff Hoffman,21931850,P,4000,CIN@ATL 04/07/2022 08:08PM ET,CIN,5.88
SP,Tony Santillan (21931851),Tony Santillan,21931851,P,4000,CIN@ATL 04/07/2022 08:08PM ET,CIN,5.49
SP,Zack Godley (21931871),Zack Godley,21931871,P,4000,CIN@ATL 04/07/2022 08:08PM ET,CIN,-0.25
RP,Connor Overton (21931872),Connor Overton,21931872,P,4000,CIN@ATL 04/07/2022 08:08PM ET,CIN,4.12
SP,Riley O'Brien (21931873),Riley O'Brien,21931873,P,4000,CIN@ATL 04/07/2022 08:08PM ET,CIN,0
RP,Kyle Dowdy (21931883),Kyle Dowdy,21931883,P,4000,CIN@ATL 04/07/2022 08:08PM ET,CIN,0
SP,Lucas Sims (21931890),Lucas Sims,21931890,P,4000,CIN@ATL 04/07/2022 08:08PM ET,CIN,4.22
SP,Spencer Schwellenbach (21931903),Spencer Schwellenbach,21931903,P,4000,CIN@ATL 04/07/2022 08:08PM ET,ATL,0
SP,Mike Soroka (21931906),Mike Soroka,21931906,P,4000,CIN@ATL 04/07/2022 08:08PM ET,ATL,0
RP,Kirby Yates (21931913),Kirby Yates,21931913,P,4000,CIN@ATL 04/07/2022 08:08PM ET,ATL,0
RP,Jay Jackson (21931915),Jay Jackson,21931915,P,4000,CIN@ATL 04/07/2022 08:08PM ET,ATL,3.42
RP,Luke Jackson (21931919),Luke Jackson,21931919,P,4000,CIN@ATL 04/07/2022 08:08PM ET,ATL,2.87
RP,R.J. Alaniz (21931934),R.J. Alaniz,21931934,P,4000,CIN@ATL 04/07/2022 08:08PM ET,ATL,2.33
RP,Dauri Moreta (21931939),Dauri Moreta,21931939,P,4000,CIN@ATL 04/07/2022 08:08PM ET,CIN,3.11
RP,Ben Lively (21931940),Ben Lively,21931940,P,4000,CIN@ATL 04/07/2022 08:08PM ET,CIN,0
RP,Hunter Strickland (21931941),Hunter Strickland,21931941,P,4000,CIN@ATL 04/07/2022 08:08PM ET,CIN,3.19
RP,Michael Tonkin (21931947),Michael Tonkin,21931947,P,4000,CIN@ATL 04/07/2022 08:08PM ET,ATL,0
RP,Bryce Elder (21931949),Bryce Elder,21931949,P,4000,CIN@ATL 04/07/2022 08:08PM ET,ATL,0
RP,Trey Riley (21931954),Trey Riley,21931954,P,4000,CIN@ATL 04/07/2022 08:08PM ET,ATL,0
RP,William Woods (21931958),William Woods,21931958,P,4000,CIN@ATL 04/07/2022 08:08PM ET,ATL,0
SP,Brandon Williamson (21931966),Brandon Williamson,21931966,P,4000,CIN@ATL 04/07/2022 08:08PM ET,CIN,0
SP,Alan Rangel (21931967),Alan Rangel,21931967,P,4000,CIN@ATL 04/07/2022 08:08PM ET,ATL,0
SP,Tyler Matzek (21931973),Tyler Matzek,21931973,P,4000,CIN@ATL 04/07/2022 08:08PM ET,ATL,3.58
RP,Luis Cessa (21931981),Luis Cessa,21931981,P,4000,CIN@ATL 04/07/2022 08:08PM ET,CIN,3.64
RP,Jay Flaa (21931982),Jay Flaa,21931982,P,4000,CIN@ATL 04/07/2022 08:08PM ET,ATL,0.2
SP,Hunter Greene (21931983),Hunter Greene,21931983,P,4000,CIN@ATL 04/07/2022 08:08PM ET,CIN,0
RP,Buck Farmer (21931984),Buck Farmer,21931984,P,4000,CIN@ATL 04/07/2022 08:08PM ET,CIN,1.78
SP,Sean Newcomb (21931985),Sean Newcomb,21931985,P,4000,CIN@ATL 04/07/2022 08:08PM ET,ATL,3.08
RP,Alexis Diaz (21931989),Alexis Diaz,21931989,P,4000,CIN@ATL 04/07/2022 08:08PM ET,CIN,0
RP,Phillip Diehl (21931990),Phillip Diehl,21931990,P,4000,CIN@ATL 04/07/2022 08:08PM ET,CIN,0
RP,Ryan Hendrix (21931992),Ryan Hendrix,21931992,P,4000,CIN@ATL 04/07/2022 08:08PM ET,CIN,2.48
RP,Kenley Jansen (21931996),Kenley Jansen,21931996,P,4000,CIN@ATL 04/07/2022 08:08PM ET,ATL,4.08
RP,Darren O'Day (21932002),Darren O'Day,21932002,P,4000,CIN@ATL 04/07/2022 08:08PM ET,ATL,2.47
RP,Trey Wingenter (21932006),Trey Wingenter,21932006,P,4000,CIN@ATL 04/07/2022 08:08PM ET,CIN,0
SP,Dylan Dodd (21932019),Dylan Dodd,21932019,P,4000,CIN@ATL 04/07/2022 08:08PM ET,ATL,0
RP,Jackson Stephens (21932028),Jackson Stephens,21932028,P,4000,CIN@ATL 04/07/2022 08:08PM ET,ATL,0
SP,Braden Shipley (21932030),Braden Shipley,21932030,P,4000,CIN@ATL 04/07/2022 08:08PM ET,CIN,0
RP,A.J. Minter (21932045),A.J. Minter,21932045,P,4000,CIN@ATL 04/07/2022 08:08PM ET,ATL,3.07
RP,Will Smith (21932050),Will Smith,21932050,P,4000,CIN@ATL 04/07/2022 08:08PM ET,ATL,3.44
SP,Jared Solomon (21932051),Jared Solomon,21932051,P,4000,CIN@ATL 04/07/2022 08:08PM ET,CIN,0
RP,Spencer Strider (21932062),Spencer Strider,21932062,P,4000,CIN@ATL 04/07/2022 08:08PM ET,ATL,2.72
SP,AJ Smith-Shawver (21932066),AJ Smith-Shawver,21932066,P,4000,CIN@ATL 04/07/2022 08:08PM ET,ATL,0
SP,Andrew Abbott (21932073),Andrew Abbott,21932073,P,4000,CIN@ATL 04/07/2022 08:08PM ET,CIN,0
RP,Brandyn Sittinger (21932074),Brandyn Sittinger,21932074,P,4000,CIN@ATL 04/07/2022 08:08PM ET,ATL,-0.06
SP,James Marinan (21932078),James Marinan,21932078,P,4000,CIN@ATL 04/07/2022 08:08PM ET,CIN,0
SP,Victor Vodnik (21932092),Victor Vodnik,21932092,P,4000,CIN@ATL 04/07/2022 08:08PM ET,ATL,0
RP,Nick Vincent (21932094),Nick Vincent,21932094,P,4000,CIN@ATL 04/07/2022 08:08PM ET,ATL,5.9
RP,Dylan Lee (21932095),Dylan Lee,21932095,P,4000,CIN@ATL 04/07/2022 08:08PM ET,ATL,2.37
SP,Graham Ashcraft (21932099),Graham Ashcraft,21932099,P,4000,CIN@ATL 04/07/2022 08:08PM ET,CIN,0
SP,Nick Lodolo (21932104),Nick Lodolo,21932104,P,4000,CIN@ATL 04/07/2022 08:08PM ET,CIN,0
RP,Art Warren (21932108),Art Warren,21932108,P,4000,CIN@ATL 04/07/2022 08:08PM ET,CIN,4.20
RP,Daniel Duarte (21932109),Daniel Duarte,21932109,P,4000,CIN@ATL 04/07/2022 08:08PM ET,CIN,0
RP,Brandon Brennan (21932112),Brandon Brennan,21932112,P,4000,CIN@ATL 04/07/2022 08:08PM ET,ATL,5.75
RP,Brad Brach (21932137),Brad Brach,21932137,P,4000,CIN@ATL 04/07/2022 08:08PM ET,ATL,1.89
RP,Tyler Thornburg (21932141),Tyler Thornburg,21932141,P,4000,CIN@ATL 04/07/2022 08:08PM ET,ATL,0
SP,Jasseel De La Cruz (21932143),Jasseel De La Cruz,21932143,P,4000,CIN@ATL 04/07/2022 08:08PM ET,ATL,0
SP,Freddy Tarnok (21932154),Freddy Tarnok,21932154,P,4000,CIN@ATL 04/07/2022 08:08PM ET,ATL,0
RP,Joel Kuhnel (21932155),Joel Kuhnel,21932155,P,4000,CIN@ATL 04/07/2022 08:08PM ET,CIN,0
SP,Mac Sceroler (21932159),Mac Sceroler,21932159,P,4000,CIN@ATL 04/07/2022 08:08PM ET,CIN,0.29
SP,Chase Petty (21932162),Chase Petty,21932162,P,4000,CIN@ATL 04/07/2022 08:08PM ET,CIN,0
RP,Justin Wilson (21932170),Justin Wilson,21932170,P,4000,CIN@ATL 04/07/2022 08:08PM ET,CIN,1.64
RP,Thomas Burrows (21932172),Thomas Burrows,21932172,P,4000,CIN@ATL 04/07/2022 08:08PM ET,ATL,0
SP,Bryce Bonnin (21932175),Bryce Bonnin,21932175,P,4000,CIN@ATL 04/07/2022 08:08PM ET,CIN,0
SP,Kyle Wright (21932177),Kyle Wright,21932177,P,4000,CIN@ATL 04/07/2022 08:08PM ET,ATL,5.15
OF,Trent Grisham (21931279),Trent Grisham,21931279,OF,4000,SD@ARI 04/07/2022 09:40PM ET,SD,7.14
C,Carson Kelly (21931579),Carson Kelly,21931579,C,4000,SD@ARI 04/07/2022 09:40PM ET,ARI,6.24
SP,Nabil Crismatt (21931841),Nabil Crismatt,21931841,P,4000,SD@ARI 04/07/2022 09:40PM ET,SD,4.39
SP,Adrian Morejon (21931842),Adrian Morejon,21931842,P,4000,SD@ARI 04/07/2022 09:40PM ET,SD,4.15
RP,Michel Baez (21931843),Michel Baez,21931843,P,4000,SD@ARI 04/07/2022 09:40PM ET,SD,0
RP,Pierce Johnson (21931846),Pierce Johnson,21931846,P,4000,SD@ARI 04/07/2022 09:40PM ET,SD,3.35
RP,Ryan Weathers (21931848),Ryan Weathers,21931848,P,4000,SD@ARI 04/07/2022 09:40PM ET,SD,5.64
RP,Craig Stammen (21931864),Craig Stammen,21931864,P,4000,SD@ARI 04/07/2022 09:40PM ET,SD,4.06
SP,Thomas Eshelman (21931876),Thomas Eshelman,21931876,P,4000,SD@ARI 04/07/2022 09:40PM ET,SD,1.47
SP,Reiss Knehr (21931878),Reiss Knehr,21931878,P,4000,SD@ARI 04/07/2022 09:40PM ET,SD,4.19
RP,Luis Garcia (21931898),Luis Garcia,21931898,P,4000,SD@ARI 04/07/2022 09:40PM ET,SD,3.00
SP,Drew Pomeranz (21931910),Drew Pomeranz,21931910,P,4000,SD@ARI 04/07/2022 09:40PM ET,SD,3.49
SP,Ethan Elliott (21931926),Ethan Elliott,21931926,P,4000,SD@ARI 04/07/2022 09:40PM ET,SD,0
RP,Robert Suarez (21931938),Robert Suarez,21931938,P,4000,SD@ARI 04/07/2022 09:40PM ET,SD,0
RP,Ian Krol (21931942),Ian Krol,21931942,P,4000,SD@ARI 04/07/2022 09:40PM ET,SD,2.3
RP,Austin Adams (21931963),Austin Adams,21931963,P,4000,SD@ARI 04/07/2022 09:40PM ET,SD,2.80
RP,Javy Guerra (21931977),Javy Guerra,21931977,P,4000,SD@ARI 04/07/2022 09:40PM ET,SD,1.33
RP,Adrian Martinez (21931987),Adrian Martinez,21931987,P,4000,SD@ARI 04/07/2022 09:40PM ET,SD,0
SP,Victor Lizarraga (21931999),Victor Lizarraga,21931999,P,4000,SD@ARI 04/07/2022 09:40PM ET,SD,0
SP,MacKenzie Gore (21932018),MacKenzie Gore,21932018,P,4000,SD@ARI 04/07/2022 09:40PM ET,SD,0
RP,Emilio Pagan (21932021),Emilio Pagan,21932021,P,4000,SD@ARI 04/07/2022 09:40PM ET,SD,2.73
SP,Nick Martinez (21932031),Nick Martinez,21932031,P,4000,SD@ARI 04/07/2022 09:40PM ET,SD,0
SP,Robert Gasser (21932034),Robert Gasser,21932034,P,4000,SD@ARI 04/07/2022 09:40PM ET,SD,0
RP,Steven Wilson (21932054),Steven Wilson,21932054,P,4000,SD@ARI 04/07/2022 09:40PM ET,SD,0
RP,Ray Kerr (21932080),Ray Kerr,21932080,P,4000,SD@ARI 04/07/2022 09:40PM ET,SD,0
RP,Daniel Camarena (21932120),Daniel Camarena,21932120,P,4000,SD@ARI 04/07/2022 09:40PM ET,SD,0.6
RP,Heath Fillmyer (21932131),Heath Fillmyer,21932131,P,4000,SD@ARI 04/07/2022 09:40PM ET,SD,0
RP,Tim Hill (21932164),Tim Hill,21932164,P,4000,SD@ARI 04/07/2022 09:40PM ET,SD,2.21
SP,Brayan Medina (21932165),Brayan Medina,21932165,P,4000,SD@ARI 04/07/2022 09:40PM ET,SD,0
RP,Travis Bergen (21932180),Travis Bergen,21932180,P,4000,SD@ARI 04/07/2022 09:40PM ET,SD,3.1
RP,Keone Kela (21932187),Keone Kela,21932187,P,4000,SD@ARI 04/07/2022 09:40PM ET,ARI,3.13
RP,Chris Devenski (21932188),Chris Devenski,21932188,P,4000,SD@ARI 04/07/2022 09:40PM ET,ARI,1.01
SP,J.B. Bukauskas (21932189),J.B. Bukauskas,21932189,P,4000,SD@ARI 04/07/2022 09:40PM ET,ARI,1.26
RP,Kevin Ginkel (21932190),Kevin Ginkel,21932190,P,4000,SD@ARI 04/07/2022 09:40PM ET,ARI,1.82
SP,Matt Peacock (21932191),Matt Peacock,21932191,P,4000,SD@ARI 04/07/2022 09:40PM ET,ARI,3.98
RP,Mark Melancon (21932192),Mark Melancon,21932192,P,4000,SD@ARI 04/07/2022 09:40PM ET,ARI,3.12
RP,Oliver Perez (21932193),Oliver Perez,21932193,P,4000,SD@ARI 04/07/2022 09:40PM ET,ARI,2.53
RP,Sean Poppen (21932194),Sean Poppen,21932194,P,4000,SD@ARI 04/07/2022 09:40PM ET,ARI,2.3
SP,Caleb Smith (21932195),Caleb Smith,21932195,P,4000,SD@ARI 04/07/2022 09:40PM ET,ARI,6.68
SP,Ryne Nelson (21932196),Ryne Nelson,21932196,P,4000,SD@ARI 04/07/2022 09:40PM ET,ARI,0
RP,Kyle Nelson (21932197),Kyle Nelson,21932197,P,4000,SD@ARI 04/07/2022 09:40PM ET,ARI,0.58
RP,Stefan Crichton (21932198),Stefan Crichton,21932198,P,4000,SD@ARI 04/07/2022 09:40PM ET,ARI,0.62
SP,Ian Kennedy (21932199),Ian Kennedy,21932199,P,4000,SD@ARI 04/07/2022 09:40PM ET,ARI,3.35
RP,Zack Burdi (21932200),Zack Burdi,21932200,P,4000,SD@ARI 04/07/2022 09:40PM ET,ARI,1.79
RP,Brett de Geus (21932201),Brett de Geus,21932201,P,4000,SD@ARI 04/07/2022 09:40PM ET,ARI,1.39
RP,Ty Tice (21932202),Ty Tice,21932202,P,4000,SD@ARI 04/07/2022 09:40PM ET,ARI,2.48
RP,Ryan Meisinger (21932203),Ryan Meisinger,21932203,P,4000,SD@ARI 04/07/2022 09:40PM ET,ARI,-0.16
RP,Noe Ramirez (21932204),Noe Ramirez,21932204,P,4000,SD@ARI 04/07/2022 09:40PM ET,ARI,2.43
SP,Corbin Martin (21932205),Corbin Martin,21932205,P,4000,SD@ARI 04/07/2022 09:40PM ET,ARI,0.24
RP,Miguel Aguilar (21932206),Miguel Aguilar,21932206,P,4000,SD@ARI 04/07/2022 09:40PM ET,ARI,1.08
RP,Riley Smith (21932207),Riley Smith,21932207,P,4000,SD@ARI 04/07/2022 09:40PM ET,ARI,3.10
RP,Joe Mantiply (21932208),Joe Mantiply,21932208,P,4000,SD@ARI 04/07/2022 09:40PM ET,ARI,1.71
RP,J.B. Wendelken (21932209),J.B. Wendelken,21932209,P,4000,SD@ARI 04/07/2022 09:40PM ET,ARI,2.40
OF,Nelson Cruz (21931278),Nelson Cruz,21931278,OF,4000,NYM@WAS 04/07/2022 07:05PM ET,WAS,8.08
SP,Paolo Espino (21931854),Paolo Espino,21931854,P,4000,NYM@WAS 04/07/2022 07:05PM ET,WAS,7.61
SP,Joey Lucchesi (21931856),Joey Lucchesi,21931856,P,4000,NYM@WAS 04/07/2022 07:05PM ET,NYM,9.64
RP,Austin Voth (21931858),Austin Voth,21931858,P,4000,NYM@WAS 04/07/2022 07:05PM ET,WAS,2.93
SP,Trevor Williams (21931859),Trevor Williams,21931859,P,4000,NYM@WAS 04/07/2022 07:05PM ET,NYM,9.97
SP,Dedniel Nunez (21931889),Dedniel Nunez,21931889,P,4000,NYM@WAS 04/07/2022 07:05PM ET,NYM,0
SP,Matt Allan (21931900),Matt Allan,21931900,P,4000,NYM@WAS 04/07/2022 07:05PM ET,NYM,0
RP,Will Harris (21931902),Will Harris,21931902,P,4000,NYM@WAS 04/07/2022 07:05PM ET,WAS,1.69
RP,Hunter Harvey (21931927),Hunter Harvey,21931927,P,4000,NYM@WAS 04/07/2022 07:05PM ET,WAS,1.88
RP,Jake Reed (21931928),Jake Reed,21931928,P,4000,NYM@WAS 04/07/2022 07:05PM ET,NYM,2.73
RP,Steve Cishek (21931937),Steve Cishek,21931937,P,4000,NYM@WAS 04/07/2022 07:05PM ET,WAS,2.23
RP,Ben Braymer (21931943),Ben Braymer,21931943,P,4000,NYM@WAS 04/07/2022 07:05PM ET,WAS,0
RP,Alberto Baldonado (21931945),Alberto Baldonado,21931945,P,4000,NYM@WAS 04/07/2022 07:05PM ET,WAS,1.27
SP,Aldo Ramirez (21931953),Aldo Ramirez,21931953,P,4000,NYM@WAS 04/07/2022 07:05PM ET,WAS,0
RP,Steven Fuentes (21931955),Steven Fuentes,21931955,P,4000,NYM@WAS 04/07/2022 07:05PM ET,WAS,0
SP,Calvin Ziegler (21931956),Calvin Ziegler,21931956,P,4000,NYM@WAS 04/07/2022 07:05PM ET,NYM,0
RP,Sam Clay (21931957),Sam Clay,21931957,P,4000,NYM@WAS 04/07/2022 07:05PM ET,WAS,1.10
RP,Edwin Diaz (21931974),Edwin Diaz,21931974,P,4000,NYM@WAS 04/07/2022 07:05PM ET,NYM,3.90
RP,Alex Claudio (21931980),Alex Claudio,21931980,P,4000,NYM@WAS 04/07/2022 07:05PM ET,NYM,1.62
SP,Sean Reid-Foley (21931997),Sean Reid-Foley,21931997,P,4000,NYM@WAS 04/07/2022 07:05PM ET,NYM,5.32
RP,Jace Fry (21932003),Jace Fry,21932003,P,4000,NYM@WAS 04/07/2022 07:05PM ET,WAS,-0.87
RP,Francisco Perez (21932013),Francisco Perez,21932013,P,4000,NYM@WAS 04/07/2022 07:05PM ET,WAS,3.4
SP,Josh Walker (21932022),Josh Walker,21932022,P,4000,NYM@WAS 04/07/2022 07:05PM ET,NYM,0
RP,Jefry Rodriguez (21932025),Jefry Rodriguez,21932025,P,4000,NYM@WAS 04/07/2022 07:05PM ET,WAS,2.64
RP,Reed Garrett (21932027),Reed Garrett,21932027,P,4000,NYM@WAS 04/07/2022 07:05PM ET,WAS,0
RP,Felix Pena (21932038),Felix Pena,21932038,P,4000,NYM@WAS 04/07/2022 07:05PM ET,NYM,-6.42
SP,Dominic Hamel (21932041),Dominic Hamel,21932041,P,4000,NYM@WAS 04/07/2022 07:05PM ET,NYM,0
RP,Sean Doolittle (21932053),Sean Doolittle,21932053,P,4000,NYM@WAS 04/07/2022 07:05PM ET,WAS,2.41
SP,Mitchell Parker (21932057),Mitchell Parker,21932057,P,4000,NYM@WAS 04/07/2022 07:05PM ET,WAS,0
RP,Kyle Finnegan (21932064),Kyle Finnegan,21932064,P,4000,NYM@WAS 04/07/2022 07:05PM ET,WAS,2.83
RP,Adam Ottavino (21932072),Adam Ottavino,21932072,P,4000,NYM@WAS 04/07/2022 07:05PM ET,NYM,2.74
RP,Tanner Rainey (21932075),Tanner Rainey,21932075,P,4000,NYM@WAS 04/07/2022 07:05PM ET,WAS,1.92
RP,Matt Cronin (21932084),Matt Cronin,21932084,P,4000,NYM@WAS 04/07/2022 07:05PM ET,WAS,0
RP,Yoan Lopez (21932086),Yoan Lopez,21932086,P,4000,NYM@WAS 04/07/2022 07:05PM ET,NYM,1.64
RP,Carl Edwards Jr. (21932089),Carl Edwards Jr.,21932089,P,4000,NYM@WAS 04/07/2022 07:05PM ET,WAS,0.34
RP,Gabe Klobosits (21932090),Gabe Klobosits,21932090,P,4000,NYM@WAS 04/07/2022 07:05PM ET,WAS,0.92
RP,Trevor May (21932096),Trevor May,21932096,P,4000,NYM@WAS 04/07/2022 07:05PM ET,NYM,3.49
RP,Erasmo Ramirez (21932103),Erasmo Ramirez,21932103,P,4000,NYM@WAS 04/07/2022 07:05PM ET,WAS,3.06
RP,Andres Machado (21932107),Andres Machado,21932107,P,4000,NYM@WAS 04/07/2022 07:05PM ET,WAS,2.16
RP,Stephen Nogosek (21932116),Stephen Nogosek,21932116,P,4000,NYM@WAS 04/07/2022 07:05PM ET,NYM,10.95
SP,Mason Thompson (21932118),Mason Thompson,21932118,P,4000,NYM@WAS 04/07/2022 07:05PM ET,WAS,1.76
RP,Jordan Weems (21932129),Jordan Weems,21932129,P,4000,NYM@WAS 04/07/2022 07:05PM ET,WAS,-0.15
RP,Drew Smith (21932130),Drew Smith,21932130,P,4000,NYM@WAS 04/07/2022 07:05PM ET,NYM,4.43
RP,Victor Arano (21932138),Victor Arano,21932138,P,4000,NYM@WAS 04/07/2022 07:05PM ET,WAS,0
RP,Patrick Murphy (21932147),Patrick Murphy,21932147,P,4000,NYM@WAS 04/07/2022 07:05PM ET,WAS,2.48
SP,Anibal Sanchez (21932148),Anibal Sanchez,21932148,P,4000,NYM@WAS 04/07/2022 07:05PM ET,WAS,0
RP,Jose Rodriguez (21932150),Jose Rodriguez,21932150,P,4000,NYM@WAS 04/07/2022 07:05PM ET,NYM,0
SP,Evan Lee (21932152),Evan Lee,21932152,P,4000,NYM@WAS 04/07/2022 07:05PM ET,WAS,0
RP,Chasen Shreve (21932158),Chasen Shreve,21932158,P,4000,NYM@WAS 04/07/2022 07:05PM ET,NYM,2.55
RP,Tyler Clippard (21932160),Tyler Clippard,21932160,P,4000,NYM@WAS 04/07/2022 07:05PM ET,WAS,2.44
SP,Jose Butto (21932161),Jose Butto,21932161,P,4000,NYM@WAS 04/07/2022 07:05PM ET,NYM,0
SP,Cade Cavalli (21932168),Cade Cavalli,21932168,P,4000,NYM@WAS 04/07/2022 07:05PM ET,WAS,0
RP,Rob Zastryzny (21932169),Rob Zastryzny,21932169,P,4000,NYM@WAS 04/07/2022 07:05PM ET,NYM,0
SP,Gerardo Carrillo (21932176),Gerardo Carrillo,21932176,P,4000,NYM@WAS 04/07/2022 07:05PM ET,WAS,0
RP,Miguel Castro (21932181),Miguel Castro,21932181,P,4000,NYM@WAS 04/07/2022 07:05PM ET,NYM,3.07
SP,Joan Adon (21932183),Joan Adon,21932183,P,4000,NYM@WAS 04/07/2022 07:05PM ET,WAS,20
RP,Miguel Yajure (21931844),Miguel Yajure,21931844,P,4000,PIT@STL 04/07/2022 04:15PM ET,PIT,3.19
RP,Luis Oviedo (21931861),Luis Oviedo,21931861,P,4000,PIT@STL 04/07/2022 04:15PM ET,PIT,1.73
SP,Jerad Eickhoff (21931867),Jerad Eickhoff,21931867,P,4000,PIT@STL 04/07/2022 04:15PM ET,PIT,1.08
SP,Max Kranick (21931870),Max Kranick,21931870,P,4000,PIT@STL 04/07/2022 04:15PM ET,PIT,7
SP,Ljay Newsome (21931877),Ljay Newsome,21931877,P,4000,PIT@STL 04/07/2022 04:15PM ET,STL,4.17
SP,Adonis Medina (21931880),Adonis Medina,21931880,P,4000,PIT@STL 04/07/2022 04:15PM ET,PIT,3.41
SP,Carmen Mlodzinski (21931884),Carmen Mlodzinski,21931884,P,4000,PIT@STL 04/07/2022 04:15PM ET,PIT,0
SP,Matthew Liberatore (21931886),Matthew Liberatore,21931886,P,4000,PIT@STL 04/07/2022 04:15PM ET,STL,0
SP,Ian Bedell (21931896),Ian Bedell,21931896,P,4000,PIT@STL 04/07/2022 04:15PM ET,STL,0
RP,Nick Mears (21931905),Nick Mears,21931905,P,4000,PIT@STL 04/07/2022 04:15PM ET,PIT,1.79
RP,Blake Cederlind (21931908),Blake Cederlind,21931908,P,4000,PIT@STL 04/07/2022 04:15PM ET,PIT,0
SP,Alex Reyes (21931911),Alex Reyes,21931911,P,4000,PIT@STL 04/07/2022 04:15PM ET,STL,3.91
SP,Cody Bolton (21931921),Cody Bolton,21931921,P,4000,PIT@STL 04/07/2022 04:15PM ET,PIT,0
RP,Freddy Pacheco (21931930),Freddy Pacheco,21931930,P,4000,PIT@STL 04/07/2022 04:15PM ET,STL,0
SP,Roansy Contreras (21931933),Roansy Contreras,21931933,P,4000,PIT@STL 04/07/2022 04:15PM ET,PIT,12.35
RP,Austin Brice (21931962),Austin Brice,21931962,P,4000,PIT@STL 04/07/2022 04:15PM ET,PIT,1.52
RP,Jordan Hicks (21931970),Jordan Hicks,21931970,P,4000,PIT@STL 04/07/2022 04:15PM ET,STL,2.15
SP,Anthony Banda (21931986),Anthony Banda,21931986,P,4000,PIT@STL 04/07/2022 04:15PM ET,PIT,2.78
RP,Ryan Helsley (21931998),Ryan Helsley,21931998,P,4000,PIT@STL 04/07/2022 04:15PM ET,STL,2.57
RP,Zack Thompson (21932001),Zack Thompson,21932001,P,4000,PIT@STL 04/07/2022 04:15PM ET,STL,0
SP,Quinn Priester (21932008),Quinn Priester,21932008,P,4000,PIT@STL 04/07/2022 04:15PM ET,PIT,0
SP,Tahnaj Thomas (21932009),Tahnaj Thomas,21932009,P,4000,PIT@STL 04/07/2022 04:15PM ET,PIT,0
RP,Aaron Fletcher (21932012),Aaron Fletcher,21932012,P,4000,PIT@STL 04/07/2022 04:15PM ET,PIT,-0.64
SP,Chris Stratton (21932015),Chris Stratton,21932015,P,4000,PIT@STL 04/07/2022 04:15PM ET,PIT,3.71
RP,Giovanny Gallegos (21932017),Giovanny Gallegos,21932017,P,4000,PIT@STL 04/07/2022 04:15PM ET,STL,4.05
SP,Anthony Solometo (21932024),Anthony Solometo,21932024,P,4000,PIT@STL 04/07/2022 04:15PM ET,PIT,0
RP,Heath Hembree (21932026),Heath Hembree,21932026,P,4000,PIT@STL 04/07/2022 04:15PM ET,PIT,3.16
SP,Michael McGreevy (21932032),Michael McGreevy,21932032,P,4000,PIT@STL 04/07/2022 04:15PM ET,STL,0
RP,T.J. McFarland (21932037),T.J. McFarland,21932037,P,4000,PIT@STL 04/07/2022 04:15PM ET,STL,2.50
RP,Edwin Nunez (21932040),Edwin Nunez,21932040,P,4000,PIT@STL 04/07/2022 04:15PM ET,STL,0
SP,Genesis Cabrera (21932043),Genesis Cabrera,21932043,P,4000,PIT@STL 04/07/2022 04:15PM ET,STL,3.01
SP,James Naile (21932046),James Naile,21932046,P,4000,PIT@STL 04/07/2022 04:15PM ET,STL,0
RP,David Bednar (21932048),David Bednar,21932048,P,4000,PIT@STL 04/07/2022 04:15PM ET,PIT,3.88
RP,Brandon Waddell (21932052),Brandon Waddell,21932052,P,4000,PIT@STL 04/07/2022 04:15PM ET,STL,0.8
RP,Drew VerHagen (21932087),Drew VerHagen,21932087,P,4000,PIT@STL 04/07/2022 04:15PM ET,STL,0
RP,Zach McAllister (21932088),Zach McAllister,21932088,P,4000,PIT@STL 04/07/2022 04:15PM ET,STL,0
RP,Kodi Whitley (21932091),Kodi Whitley,21932091,P,4000,PIT@STL 04/07/2022 04:15PM ET,STL,3.23
RP,Junior Fernandez (21932098),Junior Fernandez,21932098,P,4000,PIT@STL 04/07/2022 04:15PM ET,STL,1.69
RP,Kyle Ryan (21932100),Kyle Ryan,21932100,P,4000,PIT@STL 04/07/2022 04:15PM ET,STL,0.94
RP,Jake Walsh (21932113),Jake Walsh,21932113,P,4000,PIT@STL 04/07/2022 04:15PM ET,STL,0
SP,Bubba Chandler (21932126),Bubba Chandler,21932126,P,4000,PIT@STL 04/07/2022 04:15PM ET,PIT,0
RP,Duane Underwood Jr. (21932140),Duane Underwood Jr.,21932140,P,4000,PIT@STL 04/07/2022 04:15PM ET,PIT,3.88
RP,Nick Wittgren (21932151),Nick Wittgren,21932151,P,4000,PIT@STL 04/07/2022 04:15PM ET,STL,2.54
RP,Aaron Brooks (21932153),Aaron Brooks,21932153,P,4000,PIT@STL 04/07/2022 04:15PM ET,STL,0
RP,Sam Howard (21932184),Sam Howard,21932184,P,4000,PIT@STL 04/07/2022 04:15PM ET,PIT,2.52
1B,Miguel Sano (21931277),Miguel Sano,21931277,1B,4000,Postponed,MIN,7.34
2B/3B,Abraham Toro (21931280),Abraham Toro,21931280,2B/3B,4000,Postponed,SEA,6.62
RP,Lewis Thorpe (21931845),Lewis Thorpe,21931845,P,4000,Postponed,MIN,3.58
RP,Danny Coulombe (21931849),Danny Coulombe,21931849,P,4000,Postponed,MIN,3.52
SP,Jake Faria (21931860),Jake Faria,21931860,P,4000,Postponed,MIN,2.71
RP,Darren McCaughan (21931862),Darren McCaughan,21931862,P,4000,Postponed,SEA,0.22
RP,Randy Dobnak (21931863),Randy Dobnak,21931863,P,4000,Postponed,MIN,2.76
SP,Nick Margevicius (21931866),Nick Margevicius,21931866,P,4000,Postponed,SEA,3.28
SP,Andrew Albers (21931868),Andrew Albers,21931868,P,4000,Postponed,SEA,3.67
SP,Charlie Barnes (21931874),Charlie Barnes,21931874,P,4000,Postponed,MIN,3.99
RP,Matt Brash (21931875),Matt Brash,21931875,P,4000,Postponed,SEA,0
SP,Chi Chi Gonzalez (21931879),Chi Chi Gonzalez,21931879,P,4000,Postponed,MIN,4.59
RP,Matt Festa (21931887),Matt Festa,21931887,P,4000,Postponed,SEA,0
RP,Casey Sadler (21931894),Casey Sadler,21931894,P,4000,Postponed,SEA,3.35
RP,Ken Giles (21931916),Ken Giles,21931916,P,4000,Postponed,SEA,0
RP,Cody Stashak (21931918),Cody Stashak,21931918,P,4000,Postponed,MIN,3.14
RP,Caleb Thielbar (21931931),Caleb Thielbar,21931931,P,4000,Postponed,MIN,3.95
RP,Tyler Duffey (21931944),Tyler Duffey,21931944,P,4000,Postponed,MIN,2.87
RP,Andres Munoz (21931948),Andres Munoz,21931948,P,4000,Postponed,SEA,2.3
RP,Paul Sewald (21931950),Paul Sewald,21931950,P,4000,Postponed,SEA,5.00
SP,Anthony Misiewicz (21931951),Anthony Misiewicz,21931951,P,4000,Postponed,SEA,2.22
RP,Patrick Weigel (21931960),Patrick Weigel,21931960,P,4000,Postponed,SEA,5.87
SP,George Kirby (21931961),George Kirby,21931961,P,4000,Postponed,SEA,0
RP,Yohan Ramirez (21931964),Yohan Ramirez,21931964,P,4000,Postponed,SEA,3.68
RP,Ian Hamilton (21931971),Ian Hamilton,21931971,P,4000,Postponed,MIN,0
RP,Kyle Bird (21931975),Kyle Bird,21931975,P,4000,Postponed,SEA,0
RP,Sal Romano (21931978),Sal Romano,21931978,P,4000,Postponed,SEA,1.60
SP,Levi Stoudt (21931993),Levi Stoudt,21931993,P,4000,Postponed,SEA,0
SP,Michael Morales (21932000),Michael Morales,21932000,P,4000,Postponed,SEA,0
RP,Wyatt Mills (21932007),Wyatt Mills,21932007,P,4000,Postponed,SEA,0.57
RP,Jovani Moran (21932010),Jovani Moran,21932010,P,4000,Postponed,MIN,2.88
RP,Ryan Buchter (21932016),Ryan Buchter,21932016,P,4000,Postponed,SEA,1.45
SP,Chris Vallimont (21932020),Chris Vallimont,21932020,P,4000,Postponed,MIN,0
RP,Joe Smith (21932029),Joe Smith,21932029,P,4000,Postponed,MIN,1.89
SP,Jhoan Duran (21932033),Jhoan Duran,21932033,P,4000,Postponed,MIN,0
RP,Jhon Romero (21932039),Jhon Romero,21932039,P,4000,Postponed,MIN,1.6
RP,Drew Steckenrider (21932044),Drew Steckenrider,21932044,P,4000,Postponed,SEA,3.46
SP,Drew Strotman (21932049),Drew Strotman,21932049,P,4000,Postponed,MIN,0
RP,Jorge Alcala (21932058),Jorge Alcala,21932058,P,4000,Postponed,MIN,3.06
RP,Diego Castillo (21932063),Diego Castillo,21932063,P,4000,Postponed,SEA,3.74
SP,Bryce Miller (21932068),Bryce Miller,21932068,P,4000,Postponed,SEA,0
SP,Daniel Gossett (21932076),Daniel Gossett,21932076,P,4000,Postponed,MIN,0
RP,Jake Petricka (21932077),Jake Petricka,21932077,P,4000,Postponed,MIN,0.16
SP,Cole Sands (21932097),Cole Sands,21932097,P,4000,Postponed,MIN,0
SP,Dereck Rodriguez (21932106),Dereck Rodriguez,21932106,P,4000,Postponed,MIN,0
RP,Trevor Megill (21932119),Trevor Megill,21932119,P,4000,Postponed,MIN,1.65
SP,Jharel Cotton (21932136),Jharel Cotton,21932136,P,4000,Postponed,MIN,3.74
SP,Adam Macko (21932139),Adam Macko,21932139,P,4000,Postponed,SEA,0
RP,Taylor Rogers (21932144),Taylor Rogers,21932144,P,4000,Postponed,MIN,3.98
RP,Juan Minaya (21932145),Juan Minaya,21932145,P,4000,Postponed,MIN,4.57
SP,Josh Winder (21932156),Josh Winder,21932156,P,4000,Postponed,MIN,0
RP,Sergio Romo (21932166),Sergio Romo,21932166,P,4000,Postponed,SEA,2.29
RP,Jimmy Herget (21931852),Jimmy Herget,21931852,P,4000,HOU@LAA 04/07/2022 09:38PM ET,LAA,2.88
RP,Daniel Ponce de Leon (21931853),Daniel Ponce de Leon,21931853,P,4000,HOU@LAA 04/07/2022 09:38PM ET,LAA,1.9
SP,Janson Junk (21931855),Janson Junk,21931855,P,4000,HOU@LAA 04/07/2022 09:38PM ET,LAA,7.39
RP,Mike Mayers (21931857),Mike Mayers,21931857,P,4000,HOU@LAA 04/07/2022 09:38PM ET,LAA,3.40
RP,Zack Weiss (21931885),Zack Weiss,21931885,P,4000,HOU@LAA 04/07/2022 09:38PM ET,LAA,0
RP,AJ Ramos (21931888),AJ Ramos,21931888,P,4000,HOU@LAA 04/07/2022 09:38PM ET,LAA,3.82
SP,Jose Soriano (21931891),Jose Soriano,21931891,P,4000,HOU@LAA 04/07/2022 09:38PM ET,LAA,0
SP,Cooper Criswell (21931893),Cooper Criswell,21931893,P,4000,HOU@LAA 04/07/2022 09:38PM ET,LAA,-6.6
SP,Jairo Solis (21931895),Jairo Solis,21931895,P,4000,HOU@LAA 04/07/2022 09:38PM ET,HOU,0
RP,Brian Moran (21931899),Brian Moran,21931899,P,4000,HOU@LAA 04/07/2022 09:38PM ET,LAA,0
SP,Erik Rivera (21931917),Erik Rivera,21931917,P,4000,HOU@LAA 04/07/2022 09:38PM ET,LAA,0
RP,Rafael Montero (21931922),Rafael Montero,21931922,P,4000,HOU@LAA 04/07/2022 09:38PM ET,HOU,2.26
RP,Archie Bradley (21931923),Archie Bradley,21931923,P,4000,HOU@LAA 04/07/2022 09:38PM ET,LAA,2.55
RP,Ryan Pressly (21931929),Ryan Pressly,21931929,P,4000,HOU@LAA 04/07/2022 09:38PM ET,HOU,4.10
RP,Jose Marte (21931932),Jose Marte,21931932,P,4000,HOU@LAA 04/07/2022 09:38PM ET,LAA,1.7
RP,Peter Solomon (21931936),Peter Solomon,21931936,P,4000,HOU@LAA 04/07/2022 09:38PM ET,HOU,6.78
RP,Ryne Stanek (21931946),Ryne Stanek,21931946,P,4000,HOU@LAA 04/07/2022 09:38PM ET,HOU,3.19
RP,Adam Morgan (21931952),Adam Morgan,21931952,P,4000,HOU@LAA 04/07/2022 09:38PM ET,HOU,2.24
SP,Robinson Pina (21931959),Robinson Pina,21931959,P,4000,HOU@LAA 04/07/2022 09:38PM ET,LAA,0
SP,Chayce McDermott (21931965),Chayce McDermott,21931965,P,4000,HOU@LAA 04/07/2022 09:38PM ET,HOU,0
RP,Hunter Brown (21931968),Hunter Brown,21931968,P,4000,HOU@LAA 04/07/2022 09:38PM ET,HOU,0
RP,Jonathan Bermudez (21931969),Jonathan Bermudez,21931969,P,4000,HOU@LAA 04/07/2022 09:38PM ET,HOU,0
SP,Alejandro Hidalgo (21931972),Alejandro Hidalgo,21931972,P,4000,HOU@LAA 04/07/2022 09:38PM ET,LAA,0
SP,Mason Albright (21931979),Mason Albright,21931979,P,4000,HOU@LAA 04/07/2022 09:38PM ET,LAA,0
RP,Ryan Tepera (21931995),Ryan Tepera,21931995,P,4000,HOU@LAA 04/07/2022 09:38PM ET,LAA,3.33
RP,Hector Neris (21932011),Hector Neris,21932011,P,4000,HOU@LAA 04/07/2022 09:38PM ET,HOU,3.58
RP,Oliver Ortega (21932056),Oliver Ortega,21932056,P,4000,HOU@LAA 04/07/2022 09:38PM ET,LAA,1.75
RP,Raisel Iglesias (21932065),Raisel Iglesias,21932065,P,4000,HOU@LAA 04/07/2022 09:38PM ET,LAA,4.80
RP,Blake Taylor (21932067),Blake Taylor,21932067,P,4000,HOU@LAA 04/07/2022 09:38PM ET,HOU,2.54
RP,Ty Buttrey (21932070),Ty Buttrey,21932070,P,4000,HOU@LAA 04/07/2022 09:38PM ET,LAA,0
RP,Seth Martinez (21932071),Seth Martinez,21932071,P,4000,HOU@LAA 04/07/2022 09:38PM ET,HOU,-0.68
RP,Austin Warren (21932101),Austin Warren,21932101,P,4000,HOU@LAA 04/07/2022 09:38PM ET,LAA,4.78
RP,Zac Rosscup (21932102),Zac Rosscup,21932102,P,4000,HOU@LAA 04/07/2022 09:38PM ET,HOU,2.44
SP,Ky Bush (21932114),Ky Bush,21932114,P,4000,HOU@LAA 04/07/2022 09:38PM ET,LAA,0
SP,Sam Bachman (21932115),Sam Bachman,21932115,P,4000,HOU@LAA 04/07/2022 09:38PM ET,LAA,0
RP,Jose Quijada (21932122),Jose Quijada,21932122,P,4000,HOU@LAA 04/07/2022 09:38PM ET,LAA,3.31
RP,Kyle Barraclough (21932124),Kyle Barraclough,21932124,P,4000,HOU@LAA 04/07/2022 09:38PM ET,LAA,4.40
RP,Jonathan Aro (21932125),Jonathan Aro,21932125,P,4000,HOU@LAA 04/07/2022 09:38PM ET,LAA,0
RP,Andrew Wantz (21932127),Andrew Wantz,21932127,P,4000,HOU@LAA 04/07/2022 09:38PM ET,LAA,4.25
RP,Elvis Peguero (21932132),Elvis Peguero,21932132,P,4000,HOU@LAA 04/07/2022 09:38PM ET,LAA,-5.12
RP,Bryan Abreu (21932133),Bryan Abreu,21932133,P,4000,HOU@LAA 04/07/2022 09:38PM ET,HOU,2.76
SP,Jaime Melendez (21932134),Jaime Melendez,21932134,P,4000,HOU@LAA 04/07/2022 09:38PM ET,HOU,0
SP,Hector Yan (21932135),Hector Yan,21932135,P,4000,HOU@LAA 04/07/2022 09:38PM ET,LAA,0
RP,Enoli Paredes (21932146),Enoli Paredes,21932146,P,4000,HOU@LAA 04/07/2022 09:38PM ET,HOU,1.82
RP,Pedro Baez (21932149),Pedro Baez,21932149,P,4000,HOU@LAA 04/07/2022 09:38PM ET,HOU,3.99
RP,Cesar Valdez (21932167),Cesar Valdez,21932167,P,4000,HOU@LAA 04/07/2022 09:38PM ET,LAA,2.44
RP,Andre Scrubb (21932171),Andre Scrubb,21932171,P,4000,HOU@LAA 04/07/2022 09:38PM ET,HOU,2.82
SP,Brett Conine (21932173),Brett Conine,21932173,P,4000,HOU@LAA 04/07/2022 09:38PM ET,HOU,0
SP,Josh James (21932174),Josh James,21932174,P,4000,HOU@LAA 04/07/2022 09:38PM ET,HOU,3.53
RP,Brandon Bielak (21932178),Brandon Bielak,21932178,P,4000,HOU@LAA 04/07/2022 09:38PM ET,HOU,4.40
SP,Tyler Ivey (21932179),Tyler Ivey,21932179,P,4000,HOU@LAA 04/07/2022 09:38PM ET,HOU,4.3
RP,Aaron Loup (21932182),Aaron Loup,21932182,P,4000,HOU@LAA 04/07/2022 09:38PM ET,LAA,3.37
RP,Phil Maton (21932186),Phil Maton,21932186,P,4000,HOU@LAA 04/07/2022 09:38PM ET,HOU,3.38
RP,Alex Young (21931865),Alex Young,21931865,P,4000,CLE@KC 04/07/2022 04:10PM ET,CLE,1.95
RP,Sam Hentges (21931869),Sam Hentges,21931869,P,4000,CLE@KC 04/07/2022 04:10PM ET,CLE,3.98
RP,Ronald Bolanos (21931881),Ronald Bolanos,21931881,P,4000,CLE@KC 04/07/2022 04:10PM ET,KC,9.55
SP,Jon Heasley (21931882),Jon Heasley,21931882,P,4000,CLE@KC 04/07/2022 04:10PM ET,KC,7
SP,Yefri Del Rosario (21931892),Yefri Del Rosario,21931892,P,4000,CLE@KC 04/07/2022 04:10PM ET,KC,0
RP,Richard Lovelady (21931897),Richard Lovelady,21931897,P,4000,CLE@KC 04/07/2022 04:10PM ET,KC,3.54
RP,James Karinchak (21931901),James Karinchak,21931901,P,4000,CLE@KC 04/07/2022 04:10PM ET,CLE,3.62
RP,Arodys Vizcaino (21931904),Arodys Vizcaino,21931904,P,4000,CLE@KC 04/07/2022 04:10PM ET,KC,0
SP,Foster Griffin (21931907),Foster Griffin,21931907,P,4000,CLE@KC 04/07/2022 04:10PM ET,KC,0
SP,Cody Morris (21931909),Cody Morris,21931909,P,4000,CLE@KC 04/07/2022 04:10PM ET,CLE,0
SP,Carlos Vargas (21931912),Carlos Vargas,21931912,P,4000,CLE@KC 04/07/2022 04:10PM ET,CLE,0
RP,Tyler Zuber (21931914),Tyler Zuber,21931914,P,4000,CLE@KC 04/07/2022 04:10PM ET,KC,1.52
SP,Alec Marsh (21931920),Alec Marsh,21931920,P,4000,CLE@KC 04/07/2022 04:10PM ET,KC,0
RP,Nick Sandlin (21931924),Nick Sandlin,21931924,P,4000,CLE@KC 04/07/2022 04:10PM ET,CLE,3.78
RP,Sam Freeman (21931925),Sam Freeman,21931925,P,4000,CLE@KC 04/07/2022 04:10PM ET,KC,0
RP,Justin Garza (21931935),Justin Garza,21931935,P,4000,CLE@KC 04/07/2022 04:10PM ET,CLE,3.5
RP,Jake Jewell (21931976),Jake Jewell,21931976,P,4000,CLE@KC 04/07/2022 04:10PM ET,CLE,0.67
RP,Amir Garrett (21931988),Amir Garrett,21931988,P,4000,CLE@KC 04/07/2022 04:10PM ET,KC,1.91
RP,Domingo Tapia (21931991),Domingo Tapia,21931991,P,4000,CLE@KC 04/07/2022 04:10PM ET,KC,2.93
RP,Joel Payamps (21931994),Joel Payamps,21931994,P,4000,CLE@KC 04/07/2022 04:10PM ET,KC,3.24
SP,Frank Mozzicato (21932004),Frank Mozzicato,21932004,P,4000,CLE@KC 04/07/2022 04:10PM ET,KC,0
RP,Collin Snider (21932005),Collin Snider,21932005,P,4000,CLE@KC 04/07/2022 04:10PM ET,KC,0
SP,Stephen Woods Jr. (21932014),Stephen Woods Jr.,21932014,P,4000,CLE@KC 04/07/2022 04:10PM ET,KC,0
SP,Noah Murdock (21932023),Noah Murdock,21932023,P,4000,CLE@KC 04/07/2022 04:10PM ET,KC,0
RP,Bryan Shaw (21932035),Bryan Shaw,21932035,P,4000,CLE@KC 04/07/2022 04:10PM ET,CLE,2.66
RP,Dylan Coleman (21932036),Dylan Coleman,21932036,P,4000,CLE@KC 04/07/2022 04:10PM ET,KC,4.53
RP,Josh Staumont (21932042),Josh Staumont,21932042,P,4000,CLE@KC 04/07/2022 04:10PM ET,KC,3.48
RP,Brad Peacock (21932047),Brad Peacock,21932047,P,4000,CLE@KC 04/07/2022 04:10PM ET,KC,-3
SP,Peyton Battenfield (21932055),Peyton Battenfield,21932055,P,4000,CLE@KC 04/07/2022 04:10PM ET,CLE,0
SP,Ben Kudrna (21932060),Ben Kudrna,21932060,P,4000,CLE@KC 04/07/2022 04:10PM ET,KC,0
RP,Emmanuel Clase (21932061),Emmanuel Clase,21932061,P,4000,CLE@KC 04/07/2022 04:10PM ET,CLE,3.67
SP,Austin Cox (21932069),Austin Cox,21932069,P,4000,CLE@KC 04/07/2022 04:10PM ET,KC,0
SP,Doug Nikhazy (21932079),Doug Nikhazy,21932079,P,4000,CLE@KC 04/07/2022 04:10PM ET,CLE,0
SP,Ben Hernandez (21932081),Ben Hernandez,21932081,P,4000,CLE@KC 04/07/2022 04:10PM ET,KC,0
SP,Konnor Pilkington (21932082),Konnor Pilkington,21932082,P,4000,CLE@KC 04/07/2022 04:10PM ET,CLE,0
RP,Gabe Speier (21932083),Gabe Speier,21932083,P,4000,CLE@KC 04/07/2022 04:10PM ET,KC,2.66
SP,Tobias Myers (21932085),Tobias Myers,21932085,P,4000,CLE@KC 04/07/2022 04:10PM ET,CLE,0
RP,Taylor Clarke (21932093),Taylor Clarke,21932093,P,4000,CLE@KC 04/07/2022 04:10PM ET,KC,2.14
SP,Trevor Stephan (21932105),Trevor Stephan,21932105,P,4000,CLE@KC 04/07/2022 04:10PM ET,CLE,4.42
SP,Asa Lacy (21932110),Asa Lacy,21932110,P,4000,CLE@KC 04/07/2022 04:10PM ET,KC,0
RP,Enyel De Los Santos (21932111),Enyel De Los Santos,21932111,P,4000,CLE@KC 04/07/2022 04:10PM ET,CLE,2.86
RP,Colten Brewer (21932117),Colten Brewer,21932117,P,4000,CLE@KC 04/07/2022 04:10PM ET,KC,-7.95
SP,Gavin Williams (21932121),Gavin Williams,21932121,P,4000,CLE@KC 04/07/2022 04:10PM ET,CLE,0
RP,Jake Brentz (21932123),Jake Brentz,21932123,P,4000,CLE@KC 04/07/2022 04:10PM ET,KC,2.93
RP,Ian Gibaut (21932128),Ian Gibaut,21932128,P,4000,CLE@KC 04/07/2022 04:10PM ET,CLE,4.33
SP,Tommy Mace (21932142),Tommy Mace,21932142,P,4000,CLE@KC 04/07/2022 04:10PM ET,CLE,0
RP,Anthony Gose (21932157),Anthony Gose,21932157,P,4000,CLE@KC 04/07/2022 04:10PM ET,CLE,4.77
RP,Scott Barlow (21932163),Scott Barlow,21932163,P,4000,CLE@KC 04/07/2022 04:10PM ET,KC,3.87
SP,Angel Zerpa (21932185),Angel Zerpa,21932185,P,4000,CLE@KC 04/07/2022 04:10PM ET,KC,16.85
C,Travis d'Arnaud (21931288),Travis d'Arnaud,21931288,C,3900,CIN@ATL 04/07/2022 08:08PM ET,ATL,5.71
OF,Brandon Nimmo (21931286),Brandon Nimmo,21931286,OF,3900,NYM@WAS 04/07/2022 07:05PM ET,NYM,7.51
SS,Paul DeJong (21931282),Paul DeJong,21931282,SS,3900,PIT@STL 04/07/2022 04:15PM ET,STL,5.65
3B,Ke'Bryan Hayes (21931285),Ke'Bryan Hayes,21931285,3B,3900,PIT@STL 04/07/2022 04:15PM ET,PIT,6.81
2B/SS,Nicky Lopez (21931283),Nicky Lopez,21931283,2B/SS,3900,CLE@KC 04/07/2022 04:10PM ET,KC,6.56
1B,Bobby Bradley (21931287),Bobby Bradley,21931287,1B,3900,CLE@KC 04/07/2022 04:10PM ET,CLE,6.48
SS,J.P. Crawford (21931289),J.P. Crawford,21931289,SS,3800,Postponed,SEA,6.73
2B,Alex De Goti (21931580),Alex De Goti,21931580,2B,3800,HOU@LAA 04/07/2022 09:38PM ET,HOU,7
OF,Tommy Pham (21931292),Tommy Pham,21931292,OF,3700,CIN@ATL 04/07/2022 08:08PM ET,CIN,6.26
C,William Contreras (21931294),William Contreras,21931294,C,3700,CIN@ATL 04/07/2022 08:08PM ET,ATL,5.66
SS,Edmundo Sosa (21931290),Edmundo Sosa,21931290,SS,3700,PIT@STL 04/07/2022 04:15PM ET,STL,4.71
3B,Eugenio Suarez (21931291),Eugenio Suarez,21931291,3B,3700,Postponed,SEA,6.85
1B,Carlos Santana (21931293),Carlos Santana,21931293,1B,3700,CLE@KC 04/07/2022 04:10PM ET,KC,6.23
1B,Eric Hosmer (21931296),Eric Hosmer,21931296,1B,3600,SD@ARI 04/07/2022 09:40PM ET,SD,6.08
C,Keibert Ruiz (21931299),Keibert Ruiz,21931299,C,3600,NYM@WAS 04/07/2022 07:05PM ET,WAS,5.69
OF,Max Kepler (21931295),Max Kepler,21931295,OF,3600,Postponed,MIN,7.15
2B/3B,Luis Arraez (21931297),Luis Arraez,21931297,2B/3B,3600,Postponed,MIN,6.25
1B/3B,Colin Moran (21931307),Colin Moran,21931307,1B/3B,3500,CIN@ATL 04/07/2022 08:08PM ET,CIN,5.85
1B,Luke Voit (21931306),Luke Voit,21931306,1B,3500,SD@ARI 04/07/2022 09:40PM ET,SD,6.28
OF,Seth Beer (21931581),Seth Beer,21931581,OF,3500,SD@ARI 04/07/2022 09:40PM ET,ARI,7.4
OF,Lane Thomas (21931302),Lane Thomas,21931302,OF,3500,NYM@WAS 04/07/2022 07:05PM ET,WAS,6.21
1B/OF,Yoshi Tsutsugo (21931309),Yoshi Tsutsugo,21931309,1B/OF,3500,PIT@STL 04/07/2022 04:15PM ET,PIT,5.10
C,Andrew Knizner (21931311),Andrew Knizner,21931311,C,3500,PIT@STL 04/07/2022 04:15PM ET,STL,3.34
2B/OF,Adam Frazier (21931304),Adam Frazier,21931304,2B/OF,3500,Postponed,SEA,6.96
3B/SS,Aledmys Diaz (21931300),Aledmys Diaz,21931300,3B/SS,3500,HOU@LAA 04/07/2022 09:38PM ET,HOU,5.68
OF,Chas McCormick (21931303),Chas McCormick,21931303,OF,3500,HOU@LAA 04/07/2022 09:38PM ET,HOU,5.53
OF,Wil Myers (21931320),Wil Myers,21931320,OF,3400,SD@ARI 04/07/2022 09:40PM ET,SD,6.18
1B,Pavin Smith (21931583),Pavin Smith,21931583,1B,3400,SD@ARI 04/07/2022 09:40PM ET,ARI,6.08
C,Ali Sanchez (21931582),Ali Sanchez,21931582,C,3400,PIT@STL 04/07/2022 04:15PM ET,STL,5
3B/SS,Gio Urshela (21931312),Gio Urshela,21931312,3B/SS,3400,Postponed,MIN,6.08
1B/OF,Alex Kirilloff (21931314),Alex Kirilloff,21931314,1B/OF,3400,Postponed,MIN,6.68
C,Luis Torrens (21931319),Luis Torrens,21931319,C,3400,Postponed,SEA,5.88
C,Max Stassi (21931316),Max Stassi,21931316,C,3400,HOU@LAA 04/07/2022 09:38PM ET,LAA,6.37
1B/2B,Yu Chang (21931317),Yu Chang,21931317,1B/2B,3400,CLE@KC 04/07/2022 04:10PM ET,CLE,4.96
1B/C,Tyler Stephenson (21931322),Tyler Stephenson,21931322,C/1B,3300,CIN@ATL 04/07/2022 08:08PM ET,CIN,5.36
1B,Albert Pujols (21931321),Albert Pujols,21931321,1B,3300,PIT@STL 04/07/2022 04:15PM ET,STL,4.64
2B/SS,Kevin Newman (21931326),Kevin Newman,21931326,2B/SS,3300,PIT@STL 04/07/2022 04:15PM ET,PIT,4.79
OF,Lars Nootbaar (21931329),Lars Nootbaar,21931329,OF,3300,PIT@STL 04/07/2022 04:15PM ET,STL,3.79
OF/SS,Dylan Moore (21931324),Dylan Moore,21931324,SS/OF,3300,Postponed,SEA,5.27
C,Martin Maldonado (21931328),Martin Maldonado,21931328,C,3300,HOU@LAA 04/07/2022 09:38PM ET,HOU,4.23
C/OF,Daulton Varsho (21931586),Daulton Varsho,21931586,C/OF,3200,SD@ARI 04/07/2022 09:40PM ET,ARI,6.10
OF,David Peralta (21931588),David Peralta,21931588,OF,3200,SD@ARI 04/07/2022 09:40PM ET,ARI,5.88
C,Tres Barrera (21931332),Tres Barrera,21931332,C,3200,NYM@WAS 04/07/2022 07:05PM ET,WAS,5.5
2B/OF,Jeff McNeil (21931333),Jeff McNeil,21931333,2B/OF,3200,NYM@WAS 04/07/2022 07:05PM ET,NYM,5.38
OF,Corey Dickerson (21931331),Corey Dickerson,21931331,OF,3200,PIT@STL 04/07/2022 04:15PM ET,STL,5.56
2B/3B,Cory Spangenberg (21931584),Cory Spangenberg,21931584,2B/3B,3200,PIT@STL 04/07/2022 04:15PM ET,STL,0
OF,Kyle Lewis (21931335),Kyle Lewis,21931335,OF,3200,Postponed,SEA,6.53
C,Jason Castro (21931330),Jason Castro,21931330,C,3200,HOU@LAA 04/07/2022 09:38PM ET,HOU,4.75
OF,Tyler Naquin (21931342),Tyler Naquin,21931342,OF,3100,CIN@ATL 04/07/2022 08:08PM ET,CIN,6.87
C,Austin Nola (21931340),Austin Nola,21931340,C,3100,SD@ARI 04/07/2022 09:40PM ET,SD,5.45
C,Jose Herrera (21931589),Jose Herrera,21931589,C,3100,SD@ARI 04/07/2022 09:40PM ET,ARI,0
3B,Carter Kieboom (21931339),Carter Kieboom,21931339,3B,3100,NYM@WAS 04/07/2022 07:05PM ET,WAS,5.5
OF,Jarred Kelenic (21931338),Jarred Kelenic,21931338,OF,3100,Postponed,SEA,6.32
OF,Jake Meyers (21931341),Jake Meyers,21931341,OF,3100,HOU@LAA 04/07/2022 09:38PM ET,HOU,6.32
2B/SS,Andres Gimenez (21931336),Andres Gimenez,21931336,2B/SS,3100,CLE@KC 04/07/2022 04:10PM ET,CLE,5.10
C/OF,Jorge Alfaro (21931343),Jorge Alfaro,21931343,C/OF,3000,SD@ARI 04/07/2022 09:40PM ET,SD,4.95
2B,Luis Garcia (21931346),Luis Garcia,21931346,2B,3000,NYM@WAS 04/07/2022 07:05PM ET,WAS,5.47
OF,Greg Allen (21931345),Greg Allen,21931345,OF,3000,PIT@STL 04/07/2022 04:15PM ET,PIT,7.33
SS,Kyle Farmer (21931347),Kyle Farmer,21931347,SS,2900,CIN@ATL 04/07/2022 08:08PM ET,CIN,6.01
2B,Cesar Hernandez (21931351),Cesar Hernandez,21931351,2B,2900,NYM@WAS 04/07/2022 07:05PM ET,WAS,6.76
C,Tom Murphy (21931349),Tom Murphy,21931349,C,2900,Postponed,SEA,4.92
OF,Jose Siri (21931350),Jose Siri,21931350,OF,2900,HOU@LAA 04/07/2022 09:38PM ET,HOU,5.46
C,Austin Hedges (21931348),Austin Hedges,21931348,C,2900,CLE@KC 04/07/2022 04:10PM ET,CLE,4.60
OF,Alex Dickerson (21931357),Alex Dickerson,21931357,OF,2800,CIN@ATL 04/07/2022 08:08PM ET,ATL,4.63
C,Victor Caratini (21931352),Victor Caratini,21931352,C,2800,SD@ARI 04/07/2022 09:40PM ET,SD,4.41
OF,Victor Robles (21931354),Victor Robles,21931354,OF,2800,NYM@WAS 04/07/2022 07:05PM ET,WAS,4.70
OF,Ben Gamel (21931355),Ben Gamel,21931355,OF,2800,PIT@STL 04/07/2022 04:15PM ET,PIT,5.08
2B/3B,Michael Chavis (21931358),Michael Chavis,21931358,2B/3B,2800,PIT@STL 04/07/2022 04:15PM ET,PIT,4.49
3B,Anderson Tejeda (21931590),Anderson Tejeda,21931590,3B,2800,PIT@STL 04/07/2022 04:15PM ET,STL,2.4
C,Ryan Jeffers (21931353),Ryan Jeffers,21931353,C,2800,Postponed,MIN,5.41
OF,Bradley Zimmer (21931356),Bradley Zimmer,21931356,OF,2800,CLE@KC 04/07/2022 04:10PM ET,CLE,6.11
OF,Jake Fraley (21931360),Jake Fraley,21931360,OF,2700,CIN@ATL 04/07/2022 08:08PM ET,CIN,6.22
OF,Phil Gosselin (21931361),Phil Gosselin,21931361,OF,2700,CIN@ATL 04/07/2022 08:08PM ET,ATL,5.72
OF,Jurickson Profar (21931364),Jurickson Profar,21931364,OF,2700,SD@ARI 04/07/2022 09:40PM ET,SD,4.58
SS,Nick Ahmed (21931591),Nick Ahmed,21931591,SS,2700,SD@ARI 04/07/2022 09:40PM ET,ARI,5.22
OF,Yadiel Hernandez (21931362),Yadiel Hernandez,21931362,OF,2700,NYM@WAS 04/07/2022 07:05PM ET,WAS,4.38
C,James McCann (21931363),James McCann,21931363,C,2700,NYM@WAS 04/07/2022 07:05PM ET,NYM,4.84
1B,Mike Ford (21931367),Mike Ford,21931367,1B,2700,Postponed,SEA,4.14
3B,Jack Mayfield (21931366),Jack Mayfield,21931366,3B,2700,HOU@LAA 04/07/2022 09:38PM ET,LAA,5.48
2B,David Fletcher (21931369),David Fletcher,21931369,2B,2700,HOU@LAA 04/07/2022 09:38PM ET,LAA,6.09
OF,Josh Naylor (21931365),Josh Naylor,21931365,OF,2700,CLE@KC 04/07/2022 04:10PM ET,CLE,5.61
OF,Michael A. Taylor (21931368),Michael A. Taylor,21931368,OF,2700,CLE@KC 04/07/2022 04:10PM ET,KC,5.95
3B,Mike Moustakas (21931370),Mike Moustakas,21931370,3B,2600,CIN@ATL 04/07/2022 08:08PM ET,CIN,4.94
SS,Ha-Seong Kim (21931371),Ha-Seong Kim,21931371,SS,2600,SD@ARI 04/07/2022 09:40PM ET,SD,3.90
1B,Christian Walker (21931592),Christian Walker,21931592,1B,2600,SD@ARI 04/07/2022 09:40PM ET,ARI,6.10
SS,Sergio Alcantara (21931593),Sergio Alcantara,21931593,SS,2600,SD@ARI 04/07/2022 09:40PM ET,ARI,4.16
C,Riley Adams (21931376),Riley Adams,21931376,C,2600,NYM@WAS 04/07/2022 07:05PM ET,WAS,4.02
3B,J.D. Davis (21931377),J.D. Davis,21931377,3B,2600,NYM@WAS 04/07/2022 07:05PM ET,NYM,4.92
OF,Brent Rooker (21931378),Brent Rooker,21931378,OF,2600,Postponed,MIN,5.64
C,Kurt Suzuki (21931372),Kurt Suzuki,21931372,C,2600,HOU@LAA 04/07/2022 09:38PM ET,LAA,4.40
OF,Oscar Mercado (21931373),Oscar Mercado,21931373,OF,2600,CLE@KC 04/07/2022 04:10PM ET,CLE,5.44
1B/OF,Hunter Dozier (21931374),Hunter Dozier,21931374,1B/OF,2600,CLE@KC 04/07/2022 04:10PM ET,KC,5.93
OF,Guillermo Heredia (21931380),Guillermo Heredia,21931380,OF,2500,CIN@ATL 04/07/2022 08:08PM ET,ATL,3.97
C,Aramis Garcia (21931381),Aramis Garcia,21931381,C,2500,CIN@ATL 04/07/2022 08:08PM ET,CIN,3.59
1B/OF,Matt Beaty (21931387),Matt Beaty,21931387,1B/OF,2500,SD@ARI 04/07/2022 09:40PM ET,SD,3.50
OF,Jordan Luplow (21931594),Jordan Luplow,21931594,OF,2500,SD@ARI 04/07/2022 09:40PM ET,ARI,5.88
1B/OF,Dominic Smith (21931382),Dominic Smith,21931382,1B/OF,2500,NYM@WAS 04/07/2022 07:05PM ET,NYM,5.12
3B,Maikel Franco (21931389),Maikel Franco,21931389,3B,2500,NYM@WAS 04/07/2022 07:05PM ET,WAS,5.44
OF/SS,Oneil Cruz (21931391),Oneil Cruz,21931391,SS/OF,2500,PIT@STL 04/07/2022 04:15PM ET,PIT,13
2B/OF,Sam Haggerty (21931385),Sam Haggerty,21931385,2B/OF,2500,Postponed,SEA,4.2
OF,Trevor Larnach (21931390),Trevor Larnach,21931390,OF,2500,Postponed,MIN,5.62
SS,Niko Goodrum (21931379),Niko Goodrum,21931379,SS,2500,HOU@LAA 04/07/2022 09:38PM ET,HOU,6.30
OF,Jo Adell (21931384),Jo Adell,21931384,OF,2500,HOU@LAA 04/07/2022 09:38PM ET,LAA,7.37
OF/SS,Orlando Arcia (21931395),Orlando Arcia,21931395,SS/OF,2400,CIN@ATL 04/07/2022 08:08PM ET,ATL,3.21
3B,Brock Holt (21931399),Brock Holt,21931399,3B,2400,CIN@ATL 04/07/2022 08:08PM ET,ATL,4.58
OF,Max Schrock (21931403),Max Schrock,21931403,OF,2400,CIN@ATL 04/07/2022 08:08PM ET,CIN,4.53
C,Luis Campusano (21931410),Luis Campusano,21931410,C,2400,SD@ARI 04/07/2022 09:40PM ET,SD,1.73
OF/SS,Ehire Adrianza (21931397),Ehire Adrianza,21931397,SS/OF,2400,NYM@WAS 04/07/2022 07:05PM ET,WAS,3.12
C,Tomas Nido (21931400),Tomas Nido,21931400,C,2400,NYM@WAS 04/07/2022 07:05PM ET,NYM,3.74
1B,Daniel Vogelbach (21931409),Daniel Vogelbach,21931409,1B,2400,PIT@STL 04/07/2022 04:15PM ET,PIT,4.33
3B/SS,Daniel Robertson (21931401),Daniel Robertson,21931401,3B/SS,2400,Postponed,MIN,2.24
OF,Billy Hamilton (21931408),Billy Hamilton,21931408,OF,2400,Postponed,SEA,3.54
1B/OF,Taylor Jones (21931393),Taylor Jones,21931393,1B/OF,2400,HOU@LAA 04/07/2022 09:38PM ET,HOU,4.91
OF,Justin Upton (21931405),Justin Upton,21931405,OF,2400,HOU@LAA 04/07/2022 09:38PM ET,LAA,6.97
OF,Ryan O'Hearn (21931404),Ryan O'Hearn,21931404,OF,2400,CLE@KC 04/07/2022 04:10PM ET,KC,4.42
1B/2B,Owen Miller (21931406),Owen Miller,21931406,1B/2B,2400,CLE@KC 04/07/2022 04:10PM ET,CLE,4.42
2B/3B,Donovan Solano (21931411),Donovan Solano,21931411,2B/3B,2300,CIN@ATL 04/07/2022 08:08PM ET,CIN,5.18
2B/OF,Nick Senzel (21931428),Nick Senzel,21931428,2B/OF,2300,CIN@ATL 04/07/2022 08:08PM ET,CIN,5.28
OF,Nomar Mazara (21931419),Nomar Mazara,21931419,OF,2300,SD@ARI 04/07/2022 09:40PM ET,SD,4.71
OF,Cooper Hummel (21931595),Cooper Hummel,21931595,OF,2300,SD@ARI 04/07/2022 09:40PM ET,ARI,0
OF,Andrew Stevenson (21931413),Andrew Stevenson,21931413,OF,2300,NYM@WAS 04/07/2022 07:05PM ET,WAS,2.84
2B/SS,Luis Guillorme (21931420),Luis Guillorme,21931420,2B/SS,2300,NYM@WAS 04/07/2022 07:05PM ET,NYM,2.90
2B,Andrew Young (21931430),Andrew Young,21931430,2B,2300,NYM@WAS 04/07/2022 07:05PM ET,WAS,3.33
OF/SS,Cole Tucker (21931424),Cole Tucker,21931424,SS/OF,2300,PIT@STL 04/07/2022 04:15PM ET,PIT,4.65
OF/SS,Nick Gordon (21931414),Nick Gordon,21931414,SS/OF,2300,Postponed,MIN,4.92
OF/SS,Donovan Walton (21931417),Donovan Walton,21931417,SS/OF,2300,Postponed,SEA,4.22
OF,Taylor Ward (21931416),Taylor Ward,21931416,OF,2300,HOU@LAA 04/07/2022 09:38PM ET,LAA,6.63
2B/3B,Matt Duffy (21931422),Matt Duffy,21931422,2B/3B,2300,HOU@LAA 04/07/2022 09:38PM ET,LAA,5.79
SS,Jeremy Pena (21931427),Jeremy Pena,21931427,SS,2300,HOU@LAA 04/07/2022 09:38PM ET,HOU,0
3B,Bobby Witt Jr. (21931426),Bobby Witt Jr.,21931426,3B,2300,CLE@KC 04/07/2022 04:10PM ET,KC,0
C,Chadwick Tromp (21931431),Chadwick Tromp,21931431,C,2200,CIN@ATL 04/07/2022 08:08PM ET,ATL,2.78
OF,Aristides Aquino (21931443),Aristides Aquino,21931443,OF,2200,CIN@ATL 04/07/2022 08:08PM ET,CIN,4.14
OF,Trey Amburgey (21931596),Trey Amburgey,21931596,OF,2200,CIN@ATL 04/07/2022 08:08PM ET,CIN,0
C,Webster Rivas (21931436),Webster Rivas,21931436,C,2200,SD@ARI 04/07/2022 09:40PM ET,SD,4.29
SS,Geraldo Perdomo (21931599),Geraldo Perdomo,21931599,SS,2200,SD@ARI 04/07/2022 09:40PM ET,ARI,5.36
OF,Jake McCarthy (21931603),Jake McCarthy,21931603,OF,2200,SD@ARI 04/07/2022 09:40PM ET,ARI,5.17
OF,Gerardo Parra (21931446),Gerardo Parra,21931446,OF,2200,NYM@WAS 04/07/2022 07:05PM ET,WAS,3.02
2B,Travis Blankenhorn (21931597),Travis Blankenhorn,21931597,2B,2200,NYM@WAS 04/07/2022 07:05PM ET,NYM,1.71
C,Patrick Mazeika (21931598),Patrick Mazeika,21931598,C,2200,NYM@WAS 04/07/2022 07:05PM ET,NYM,2.60
OF,Anthony Alford (21931438),Anthony Alford,21931438,OF,2200,PIT@STL 04/07/2022 04:15PM ET,PIT,5.10
3B,Eric Campbell (21931441),Eric Campbell,21931441,3B,2200,Postponed,SEA,3.25
OF,Kyle Garlick (21931445),Kyle Garlick,21931445,OF,2200,Postponed,MIN,5.36
3B/SS,Tyler Wade (21931433),Tyler Wade,21931433,3B/SS,2200,HOU@LAA 04/07/2022 09:38PM ET,LAA,2.99
OF,Brandon Marsh (21931435),Brandon Marsh,21931435,OF,2200,HOU@LAA 04/07/2022 09:38PM ET,LAA,5.7
OF,JaCoby Jones (21931432),JaCoby Jones,21931432,OF,2200,CLE@KC 04/07/2022 04:10PM ET,KC,3.57
OF,Edward Olivares (21931437),Edward Olivares,21931437,OF,2200,CLE@KC 04/07/2022 04:10PM ET,KC,4.85
2B/3B,Ernie Clement (21931439),Ernie Clement,21931439,2B/3B,2200,CLE@KC 04/07/2022 04:10PM ET,CLE,4.52
C,Sandy Leon (21931442),Sandy Leon,21931442,C,2200,CLE@KC 04/07/2022 04:10PM ET,CLE,2.82
OF,Steven Kwan (21931444),Steven Kwan,21931444,OF,2200,CLE@KC 04/07/2022 04:10PM ET,CLE,0
OF,Kyle Isbel (21931447),Kyle Isbel,21931447,OF,2200,CLE@KC 04/07/2022 04:10PM ET,KC,5.71
C,MJ Melendez (21931600),MJ Melendez,21931600,C,2200,CLE@KC 04/07/2022 04:10PM ET,KC,0
2B/SS,Gabriel Arias (21931601),Gabriel Arias,21931601,2B/SS,2200,CLE@KC 04/07/2022 04:10PM ET,CLE,0
OF,Shogo Akiyama (21931454),Shogo Akiyama,21931454,OF,2100,CIN@ATL 04/07/2022 08:08PM ET,CIN,2.47
2B/SS,Wilmer Difo (21931606),Wilmer Difo,21931606,2B/SS,2100,SD@ARI 04/07/2022 09:40PM ET,ARI,3.25
OF,Kristian Robinson (21931609),Kristian Robinson,21931609,OF,2100,SD@ARI 04/07/2022 09:40PM ET,ARI,0
OF,Travis Jankowski (21931451),Travis Jankowski,21931451,OF,2100,NYM@WAS 04/07/2022 07:05PM ET,NYM,3.51
2B,Adrian Sanchez (21931605),Adrian Sanchez,21931605,2B,2100,NYM@WAS 04/07/2022 07:05PM ET,WAS,3.06
C,Roberto Perez (21931452),Roberto Perez,21931452,C,2100,PIT@STL 04/07/2022 04:15PM ET,PIT,4.98
3B,Brendan Donovan (21931457),Brendan Donovan,21931457,3B,2100,PIT@STL 04/07/2022 04:15PM ET,STL,0
3B/SS,Diego Castillo (21931458),Diego Castillo,21931458,3B/SS,2100,PIT@STL 04/07/2022 04:15PM ET,PIT,0
OF,Steven Souza Jr. (21931449),Steven Souza Jr.,21931449,OF,2100,Postponed,SEA,1.85
OF,Jake Cave (21931453),Jake Cave,21931453,OF,2100,Postponed,MIN,2.84
OF,Julio Rodriguez (21931456),Julio Rodriguez,21931456,OF,2100,Postponed,SEA,0
SS,Luis Rengifo (21931448),Luis Rengifo,21931448,SS,2100,HOU@LAA 04/07/2022 09:38PM ET,LAA,4.74
3B,Brendon Davis (21931455),Brendon Davis,21931455,3B,2100,HOU@LAA 04/07/2022 09:38PM ET,LAA,0
SS,Andrew Velazquez (21931604),Andrew Velazquez,21931604,SS,2100,HOU@LAA 04/07/2022 09:38PM ET,LAA,4.17
3B,Emmanuel Rivera (21931450),Emmanuel Rivera,21931450,3B,2100,CLE@KC 04/07/2022 04:10PM ET,KC,5.03
OF,Seuly Matias (21931608),Seuly Matias,21931608,OF,2100,CLE@KC 04/07/2022 04:10PM ET,KC,0
C,Andrew Knapp (21931463),Andrew Knapp,21931463,C,2000,PIT@STL 04/07/2022 04:15PM ET,PIT,2.55
OF/SS,Jose Barrero (21931469),Jose Barrero,21931469,SS/OF,2000,CIN@ATL 04/07/2022 08:08PM ET,CIN,3.52
C,Mat Nelson (21931494),Mat Nelson,21931494,C,2000,CIN@ATL 04/07/2022 08:08PM ET,CIN,0
OF,Malvin Valdez (21931496),Malvin Valdez,21931496,OF,2000,CIN@ATL 04/07/2022 08:08PM ET,CIN,0
SS,Cal Conley (21931502),Cal Conley,21931502,SS,2000,CIN@ATL 04/07/2022 08:08PM ET,ATL,0
OF,Jay Allen (21931503),Jay Allen,21931503,OF,2000,CIN@ATL 04/07/2022 08:08PM ET,CIN,0
3B/SS,Elly De La Cruz (21931504),Elly De La Cruz,21931504,3B/SS,2000,CIN@ATL 04/07/2022 08:08PM ET,CIN,0
C,Daniel Vellojin (21931509),Daniel Vellojin,21931509,C,2000,CIN@ATL 04/07/2022 08:08PM ET,CIN,0
SS,Vaughn Grissom (21931520),Vaughn Grissom,21931520,SS,2000,CIN@ATL 04/07/2022 08:08PM ET,ATL,0
OF,Ariel Almonte (21931524),Ariel Almonte,21931524,OF,2000,CIN@ATL 04/07/2022 08:08PM ET,CIN,0
OF,Jesse Franklin (21931539),Jesse Franklin,21931539,OF,2000,CIN@ATL 04/07/2022 08:08PM ET,ATL,0
1B,John Nogowski (21931553),John Nogowski,21931553,1B,2000,CIN@ATL 04/07/2022 08:08PM ET,ATL,3.71
2B/SS,Pat Valaika (21931554),Pat Valaika,21931554,2B/SS,2000,CIN@ATL 04/07/2022 08:08PM ET,ATL,3.65
3B/OF,Brandon Drury (21931559),Brandon Drury,21931559,3B/OF,2000,CIN@ATL 04/07/2022 08:08PM ET,CIN,3.08
SS,JT Riddle (21931569),JT Riddle,21931569,SS,2000,CIN@ATL 04/07/2022 08:08PM ET,CIN,2
SS,Allen Cordoba (21931630),Allen Cordoba,21931630,SS,2000,CIN@ATL 04/07/2022 08:08PM ET,CIN,0
OF,Drew Waters (21931637),Drew Waters,21931637,OF,2000,CIN@ATL 04/07/2022 08:08PM ET,ATL,0
OF,Albert Almora Jr. (21931641),Albert Almora Jr.,21931641,OF,2000,CIN@ATL 04/07/2022 08:08PM ET,CIN,0.74
OF,Mike Siani (21931643),Mike Siani,21931643,OF,2000,CIN@ATL 04/07/2022 08:08PM ET,CIN,0
OF,Travis Demeritte (21931645),Travis Demeritte,21931645,OF,2000,CIN@ATL 04/07/2022 08:08PM ET,ATL,0
C,Mark Kolozsvary (21931648),Mark Kolozsvary,21931648,C,2000,CIN@ATL 04/07/2022 08:08PM ET,CIN,0
OF,Allan Cerda (21931652),Allan Cerda,21931652,OF,2000,CIN@ATL 04/07/2022 08:08PM ET,CIN,0
SS,Leonardo Rivas (21931653),Leonardo Rivas,21931653,SS,2000,CIN@ATL 04/07/2022 08:08PM ET,CIN,0
C,Logan Brown (21931654),Logan Brown,21931654,C,2000,CIN@ATL 04/07/2022 08:08PM ET,ATL,0
1B,Greyson Jenista (21931656),Greyson Jenista,21931656,1B,2000,CIN@ATL 04/07/2022 08:08PM ET,ATL,0
SS,Braden Shewmake (21931661),Braden Shewmake,21931661,SS,2000,CIN@ATL 04/07/2022 08:08PM ET,ATL,0
OF,Trey Harris (21931665),Trey Harris,21931665,OF,2000,CIN@ATL 04/07/2022 08:08PM ET,ATL,0
OF,Michael Harris (21931669),Michael Harris,21931669,OF,2000,CIN@ATL 04/07/2022 08:08PM ET,ATL,0
OF,Jacob Pearson (21931675),Jacob Pearson,21931675,OF,2000,CIN@ATL 04/07/2022 08:08PM ET,ATL,0
2B/SS,Ryan Goins (21931698),Ryan Goins,21931698,2B/SS,2000,CIN@ATL 04/07/2022 08:08PM ET,ATL,0
SS,Matt McLain (21931714),Matt McLain,21931714,SS,2000,CIN@ATL 04/07/2022 08:08PM ET,CIN,0
OF,TJ Friedl (21931726),TJ Friedl,21931726,OF,2000,CIN@ATL 04/07/2022 08:08PM ET,CIN,4.71
OF,Jake Bauers (21931729),Jake Bauers,21931729,OF,2000,CIN@ATL 04/07/2022 08:08PM ET,CIN,3.55
OF,Ronnie Dawson (21931731),Ronnie Dawson,21931731,OF,2000,CIN@ATL 04/07/2022 08:08PM ET,CIN,3
2B/3B,Alejo Lopez (21931738),Alejo Lopez,21931738,2B/3B,2000,CIN@ATL 04/07/2022 08:08PM ET,CIN,1.71
SS,Victor Acosta (21931477),Victor Acosta,21931477,SS,2000,SD@ARI 04/07/2022 09:40PM ET,SD,0
OF,Samuel Zavala (21931489),Samuel Zavala,21931489,OF,2000,SD@ARI 04/07/2022 09:40PM ET,SD,0
C,Brandon Valenzuela (21931506),Brandon Valenzuela,21931506,C,2000,SD@ARI 04/07/2022 09:40PM ET,SD,0
3B,Eguy Rosario (21931508),Eguy Rosario,21931508,3B,2000,SD@ARI 04/07/2022 09:40PM ET,SD,0
SS,Jackson Merrill (21931522),Jackson Merrill,21931522,SS,2000,SD@ARI 04/07/2022 09:40PM ET,SD,0
OF,James Wood (21931528),James Wood,21931528,OF,2000,SD@ARI 04/07/2022 09:40PM ET,SD,0
2B,Max Ferguson (21931533),Max Ferguson,21931533,2B,2000,SD@ARI 04/07/2022 09:40PM ET,SD,0
2B/SS,Euribiel Angeles (21931546),Euribiel Angeles,21931546,2B/SS,2000,SD@ARI 04/07/2022 09:40PM ET,SD,0
SS,CJ Abrams (21931628),CJ Abrams,21931628,SS,2000,SD@ARI 04/07/2022 09:40PM ET,SD,0
OF,Robert Hassell III (21931655),Robert Hassell III,21931655,OF,2000,SD@ARI 04/07/2022 09:40PM ET,SD,0
2B,Esteury Ruiz (21931667),Esteury Ruiz,21931667,2B,2000,SD@ARI 04/07/2022 09:40PM ET,SD,0
OF,Tirso Ornelas (21931671),Tirso Ornelas,21931671,OF,2000,SD@ARI 04/07/2022 09:40PM ET,SD,0
OF,Jose Azocar (21931715),Jose Azocar,21931715,OF,2000,SD@ARI 04/07/2022 09:40PM ET,SD,0
OF,Trayce Thompson (21931725),Trayce Thompson,21931725,OF,2000,SD@ARI 04/07/2022 09:40PM ET,SD,7
2B/3B,Domingo Leyba (21931736),Domingo Leyba,21931736,2B/3B,2000,SD@ARI 04/07/2022 09:40PM ET,SD,2.26
SS,Jordan Lawlar (21931741),Jordan Lawlar,21931741,SS,2000,SD@ARI 04/07/2022 09:40PM ET,ARI,0
SS,Ryan Bliss (21931742),Ryan Bliss,21931742,SS,2000,SD@ARI 04/07/2022 09:40PM ET,ARI,0
3B,A.J. Vukovich (21931743),A.J. Vukovich,21931743,3B,2000,SD@ARI 04/07/2022 09:40PM ET,ARI,0
C,Adrian Del Castillo (21931744),Adrian Del Castillo,21931744,C,2000,SD@ARI 04/07/2022 09:40PM ET,ARI,0
C,Grayson Greiner (21931745),Grayson Greiner,21931745,C,2000,SD@ARI 04/07/2022 09:40PM ET,ARI,3.73
1B/2B,Jake Hager (21931746),Jake Hager,21931746,1B/2B,2000,SD@ARI 04/07/2022 09:40PM ET,ARI,1.79
OF,Nick Heath (21931748),Nick Heath,21931748,OF,2000,SD@ARI 04/07/2022 09:40PM ET,ARI,1.65
OF,Braden Bishop (21931749),Braden Bishop,21931749,OF,2000,SD@ARI 04/07/2022 09:40PM ET,ARI,0.71
2B/SS,Tzu-Wei Lin (21931473),Tzu-Wei Lin,21931473,2B/SS,2000,NYM@WAS 04/07/2022 07:05PM ET,NYM,0
SS,Sammy Infante (21931484),Sammy Infante,21931484,SS,2000,NYM@WAS 04/07/2022 07:05PM ET,WAS,0
3B/SS,Jaylen Palmer (21931490),Jaylen Palmer,21931490,3B/SS,2000,NYM@WAS 04/07/2022 07:05PM ET,NYM,0
OF,Nick Plummer (21931492),Nick Plummer,21931492,OF,2000,NYM@WAS 04/07/2022 07:05PM ET,NYM,0
SS,Brady House (21931493),Brady House,21931493,SS,2000,NYM@WAS 04/07/2022 07:05PM ET,WAS,0
1B,JT Schwartz (21931497),JT Schwartz,21931497,1B,2000,NYM@WAS 04/07/2022 07:05PM ET,NYM,0
SS,Armando Cruz (21931513),Armando Cruz,21931513,SS,2000,NYM@WAS 04/07/2022 07:05PM ET,WAS,0
1B,Branden Boissiere (21931519),Branden Boissiere,21931519,1B,2000,NYM@WAS 04/07/2022 07:05PM ET,WAS,0
2B,Robinson Cano (21931525),Robinson Cano,21931525,2B,2000,NYM@WAS 04/07/2022 07:05PM ET,NYM,0
OF,Donovan Casey (21931530),Donovan Casey,21931530,OF,2000,NYM@WAS 04/07/2022 07:05PM ET,WAS,0
SS,Lucius Fox (21931538),Lucius Fox,21931538,SS,2000,NYM@WAS 04/07/2022 07:05PM ET,WAS,0
OF,Daylen Lile (21931544),Daylen Lile,21931544,OF,2000,NYM@WAS 04/07/2022 07:05PM ET,WAS,0
OF,Johneshwy Fargas (21931556),Johneshwy Fargas,21931556,OF,2000,NYM@WAS 04/07/2022 07:05PM ET,NYM,3.64
OF,Khalil Lee (21931570),Khalil Lee,21931570,OF,2000,NYM@WAS 04/07/2022 07:05PM ET,NYM,1
OF,Cody Wilson (21931572),Cody Wilson,21931572,OF,2000,NYM@WAS 04/07/2022 07:05PM ET,WAS,0
C/OF,Chris Herrmann (21931615),Chris Herrmann,21931615,C/OF,2000,NYM@WAS 04/07/2022 07:05PM ET,WAS,0
SS,Shervyen Newton (21931625),Shervyen Newton,21931625,SS,2000,NYM@WAS 04/07/2022 07:05PM ET,NYM,0
C,Nick Dini (21931633),Nick Dini,21931633,C,2000,NYM@WAS 04/07/2022 07:05PM ET,NYM,0
C,Francisco Alvarez (21931634),Francisco Alvarez,21931634,C,2000,NYM@WAS 04/07/2022 07:05PM ET,NYM,0
3B,Jake Noll (21931649),Jake Noll,21931649,3B,2000,NYM@WAS 04/07/2022 07:05PM ET,WAS,0
2B/OF,Dee Strange-Gordon (21931650),Dee Strange-Gordon,21931650,2B/OF,2000,NYM@WAS 04/07/2022 07:05PM ET,WAS,0
SS,Ronny Mauricio (21931657),Ronny Mauricio,21931657,SS,2000,NYM@WAS 04/07/2022 07:05PM ET,NYM,0
2B/OF,Carlos Cortes (21931659),Carlos Cortes,21931659,2B/OF,2000,NYM@WAS 04/07/2022 07:05PM ET,NYM,0
3B/SS,Mark Vientos (21931662),Mark Vientos,21931662,3B/SS,2000,NYM@WAS 04/07/2022 07:05PM ET,NYM,0
SS,Gilbert Lara (21931668),Gilbert Lara,21931668,SS,2000,NYM@WAS 04/07/2022 07:05PM ET,WAS,0
2B/3B,Matt Reynolds (21931679),Matt Reynolds,21931679,2B/3B,2000,NYM@WAS 04/07/2022 07:05PM ET,NYM,0
SS,Richard Urena (21931689),Richard Urena,21931689,SS,2000,NYM@WAS 04/07/2022 07:05PM ET,WAS,0
OF,Nick Banks (21931707),Nick Banks,21931707,OF,2000,NYM@WAS 04/07/2022 07:05PM ET,WAS,0
SS,Yasel Antuna (21931712),Yasel Antuna,21931712,SS,2000,NYM@WAS 04/07/2022 07:05PM ET,WAS,0
3B,Brett Baty (21931713),Brett Baty,21931713,3B,2000,NYM@WAS 04/07/2022 07:05PM ET,NYM,0
OF,Daniel Palka (21931721),Daniel Palka,21931721,OF,2000,NYM@WAS 04/07/2022 07:05PM ET,NYM,0
C,Taylor Gushue (21931740),Taylor Gushue,21931740,C,2000,NYM@WAS 04/07/2022 07:05PM ET,WAS,0
C,Michael Perez (21931461),Michael Perez,21931461,C,2000,PIT@STL 04/07/2022 04:15PM ET,PIT,4.03
OF,Joshua Baez (21931480),Joshua Baez,21931480,OF,2000,PIT@STL 04/07/2022 04:15PM ET,STL,0
OF,Lonnie White (21931500),Lonnie White,21931500,OF,2000,PIT@STL 04/07/2022 04:15PM ET,PIT,0
OF,Ryan Holgate (21931501),Ryan Holgate,21931501,OF,2000,PIT@STL 04/07/2022 04:15PM ET,STL,0
SS,Maikol Escotto (21931514),Maikol Escotto,21931514,SS,2000,PIT@STL 04/07/2022 04:15PM ET,PIT,0
OF,Juan Yepez (21931518),Juan Yepez,21931518,OF,2000,PIT@STL 04/07/2022 04:15PM ET,STL,0
C,Ivan Herrera (21931537),Ivan Herrera,21931537,C,2000,PIT@STL 04/07/2022 04:15PM ET,STL,0
2B/3B,Hoy Park (21931550),Hoy Park,21931550,2B/3B,2000,PIT@STL 04/07/2022 04:15PM ET,PIT,4.87
C,Taylor Davis (21931552),Taylor Davis,21931552,C,2000,PIT@STL 04/07/2022 04:15PM ET,PIT,4
OF,Jared Oliva (21931562),Jared Oliva,21931562,OF,2000,PIT@STL 04/07/2022 04:15PM ET,PIT,2.65
2B/OF,Tucupita Marcano (21931567),Tucupita Marcano,21931567,2B/OF,2000,PIT@STL 04/07/2022 04:15PM ET,PIT,2.32
OF,Hunter Owen (21931571),Hunter Owen,21931571,OF,2000,PIT@STL 04/07/2022 04:15PM ET,PIT,0.67
OF,Scott Hurst (21931573),Scott Hurst,21931573,OF,2000,PIT@STL 04/07/2022 04:15PM ET,STL,0
2B,Rodolfo Castro (21931610),Rodolfo Castro,21931610,2B,2000,PIT@STL 04/07/2022 04:15PM ET,PIT,4.45
2B/SS,Ji-Hwan Bae (21931617),Ji-Hwan Bae,21931617,2B/SS,2000,PIT@STL 04/07/2022 04:15PM ET,PIT,0
3B,Jordan Walker (21931621),Jordan Walker,21931621,3B,2000,PIT@STL 04/07/2022 04:15PM ET,STL,0
C,Julio Rodriguez (21931624),Julio Rodriguez,21931624,C,2000,PIT@STL 04/07/2022 04:15PM ET,STL,0
1B,Luken Baker (21931632),Luken Baker,21931632,1B,2000,PIT@STL 04/07/2022 04:15PM ET,STL,0
OF,Travis Swaggerty (21931636),Travis Swaggerty,21931636,OF,2000,PIT@STL 04/07/2022 04:15PM ET,PIT,0
OF,Lolo Sanchez (21931644),Lolo Sanchez,21931644,OF,2000,PIT@STL 04/07/2022 04:15PM ET,PIT,0
2B,Nick Gonzales (21931646),Nick Gonzales,21931646,2B,2000,PIT@STL 04/07/2022 04:15PM ET,PIT,0
OF,Calvin Mitchell (21931670),Calvin Mitchell,21931670,OF,2000,PIT@STL 04/07/2022 04:15PM ET,PIT,0
C,Endy Rodriguez (21931678),Endy Rodriguez,21931678,C,2000,PIT@STL 04/07/2022 04:15PM ET,PIT,0
OF,Jack Suwinski (21931682),Jack Suwinski,21931682,OF,2000,PIT@STL 04/07/2022 04:15PM ET,PIT,0
2B,Nolan Gorman (21931683),Nolan Gorman,21931683,2B,2000,PIT@STL 04/07/2022 04:15PM ET,STL,0
1B/OF,Mason Martin (21931687),Mason Martin,21931687,1B/OF,2000,PIT@STL 04/07/2022 04:15PM ET,PIT,0
C,Jamie Ritchie (21931690),Jamie Ritchie,21931690,C,2000,PIT@STL 04/07/2022 04:15PM ET,PIT,0
SS,Liover Peguero (21931691),Liover Peguero,21931691,SS,2000,PIT@STL 04/07/2022 04:15PM ET,PIT,0
SS,Delvin Perez (21931696),Delvin Perez,21931696,SS,2000,PIT@STL 04/07/2022 04:15PM ET,STL,0
OF,Canaan Smith-Njigba (21931700),Canaan Smith-Njigba,21931700,OF,2000,PIT@STL 04/07/2022 04:15PM ET,PIT,0
OF,Conner Capel (21931704),Conner Capel,21931704,OF,2000,PIT@STL 04/07/2022 04:15PM ET,STL,0
3B,Evan Mendoza (21931710),Evan Mendoza,21931710,3B,2000,PIT@STL 04/07/2022 04:15PM ET,STL,0
OF,Alec Burleson (21931716),Alec Burleson,21931716,OF,2000,PIT@STL 04/07/2022 04:15PM ET,STL,0
C,Henry Davis (21931720),Henry Davis,21931720,C,2000,PIT@STL 04/07/2022 04:15PM ET,PIT,0
3B/OF,Josh VanMeter (21932210),Josh VanMeter,21932210,3B/OF,2000,PIT@STL 04/07/2022 04:15PM ET,PIT,4.17
3B,Kevin Padlo (21931464),Kevin Padlo,21931464,3B,2000,Postponed,SEA,1.1
C,Jose Godoy (21931466),Jose Godoy,21931466,C,2000,Postponed,MIN,2.25
1B,Evan White (21931468),Evan White,21931468,1B,2000,Postponed,SEA,3.66
OF,Emmanuel Rodriguez (21931476),Emmanuel Rodriguez,21931476,OF,2000,Postponed,MIN,0
3B,Milkar Perez (21931486),Milkar Perez,21931486,3B,2000,Postponed,SEA,0
2B/3B,Starlin Aguilar (21931510),Starlin Aguilar,21931510,2B/3B,2000,Postponed,SEA,0
2B/OF,Alerick Soularie (21931515),Alerick Soularie,21931515,2B/OF,2000,Postponed,MIN,0
SS,Edwin Arroyo (21931517),Edwin Arroyo,21931517,SS,2000,Postponed,SEA,0
OF,Marcus Wilson (21931521),Marcus Wilson,21931521,OF,2000,Postponed,SEA,0
OF,Gabriel Gonzalez (21931526),Gabriel Gonzalez,21931526,OF,2000,Postponed,SEA,0
3B,Jose Miranda (21931527),Jose Miranda,21931527,3B,2000,Postponed,MIN,0
SS,Noah Miller (21931529),Noah Miller,21931529,SS,2000,Postponed,MIN,0
C,Harry Ford (21931536),Harry Ford,21931536,C,2000,Postponed,SEA,0
OF,Taylor Trammell (21931549),Taylor Trammell,21931549,OF,2000,Postponed,SEA,5.53
C,Cal Raleigh (21931557),Cal Raleigh,21931557,C,2000,Postponed,SEA,3.55
OF,Gilberto Celestino (21931561),Gilberto Celestino,21931561,OF,2000,Postponed,MIN,3.04
C,Chance Sisco (21931564),Chance Sisco,21931564,C,2000,Postponed,SEA,2.68
OF,Matt Wallner (21931620),Matt Wallner,21931620,OF,2000,Postponed,MIN,0
3B,Andrew Bechtold (21931622),Andrew Bechtold,21931622,3B,2000,Postponed,MIN,0
SS,Wander Javier (21931627),Wander Javier,21931627,SS,2000,Postponed,MIN,0
SS,Noelvi Marte (21931635),Noelvi Marte,21931635,SS,2000,Postponed,SEA,0
SS,Tim Beckham (21931639),Tim Beckham,21931639,SS,2000,Postponed,MIN,0
3B/SS,Elliot Soto (21931672),Elliot Soto,21931672,3B/SS,2000,Postponed,MIN,0
OF,Aaron Whitefield (21931676),Aaron Whitefield,21931676,OF,2000,Postponed,MIN,0
OF,Alberto Rodriguez (21931677),Alberto Rodriguez,21931677,OF,2000,Postponed,SEA,0
1B,Aaron Sabato (21931686),Aaron Sabato,21931686,1B,2000,Postponed,MIN,0
OF,Zach DeLoach (21931692),Zach DeLoach,21931692,OF,2000,Postponed,SEA,0
2B,Forrest Wall (21931697),Forrest Wall,21931697,2B,2000,Postponed,SEA,0
OF,Austin Martin (21931701),Austin Martin,21931701,OF,2000,Postponed,MIN,0
C,Caleb Hamilton (21931703),Caleb Hamilton,21931703,C,2000,Postponed,MIN,0
3B,Joe Rizzo (21931705),Joe Rizzo,21931705,3B,2000,Postponed,SEA,0
SS,Royce Lewis (21931706),Royce Lewis,21931706,SS,2000,Postponed,MIN,0
C,Tomas Telis (21931717),Tomas Telis,21931717,C,2000,Postponed,MIN,0
SS,Kevin Merrell (21931719),Kevin Merrell,21931719,SS,2000,Postponed,MIN,0
OF,Derek Fisher (21931728),Derek Fisher,21931728,OF,2000,Postponed,MIN,3.75
1B,Curtis Terry (21931734),Curtis Terry,21931734,1B,2000,Postponed,MIN,2.31
OF,Lewis Brinson (21931460),Lewis Brinson,21931460,OF,2000,HOU@LAA 04/07/2022 09:38PM ET,HOU,4.76
OF,Jose Rojas (21931465),Jose Rojas,21931465,OF,2000,HOU@LAA 04/07/2022 09:38PM ET,LAA,4.90
SS,Freudis Nova (21931467),Freudis Nova,21931467,SS,2000,HOU@LAA 04/07/2022 09:38PM ET,HOU,0
C,Yainer Diaz (21931475),Yainer Diaz,21931475,C,2000,HOU@LAA 04/07/2022 09:38PM ET,HOU,0
2B,Franklin Barreto (21931478),Franklin Barreto,21931478,2B,2000,HOU@LAA 04/07/2022 09:38PM ET,HOU,0
2B/SS,Shay Whitcomb (21931481),Shay Whitcomb,21931481,2B/SS,2000,HOU@LAA 04/07/2022 09:38PM ET,HOU,0
OF,Alex McKenna (21931483),Alex McKenna,21931483,OF,2000,HOU@LAA 04/07/2022 09:38PM ET,HOU,0
OF,Tyler Whitaker (21931485),Tyler Whitaker,21931485,OF,2000,HOU@LAA 04/07/2022 09:38PM ET,HOU,0
SS,Cristian Gonzalez (21931488),Cristian Gonzalez,21931488,SS,2000,HOU@LAA 04/07/2022 09:38PM ET,HOU,0
C,Scott Manea (21931499),Scott Manea,21931499,C,2000,HOU@LAA 04/07/2022 09:38PM ET,HOU,0
OF,Matthew Barefoot (21931535),Matthew Barefoot,21931535,OF,2000,HOU@LAA 04/07/2022 09:38PM ET,HOU,0
2B/SS,Adrian Placencia (21931541),Adrian Placencia,21931541,2B/SS,2000,HOU@LAA 04/07/2022 09:38PM ET,LAA,0
C,Edgar Quero (21931545),Edgar Quero,21931545,C,2000,HOU@LAA 04/07/2022 09:38PM ET,LAA,0
OF,Michael Lorenzen (21931548),Michael Lorenzen,21931548,OF,2000,HOU@LAA 04/07/2022 09:38PM ET,LAA,1.88
C,Austin Romine (21931563),Austin Romine,21931563,C,2000,HOU@LAA 04/07/2022 09:38PM ET,LAA,2.64
1B,Matt Thaiss (21931574),Matt Thaiss,21931574,1B,2000,HOU@LAA 04/07/2022 09:38PM ET,LAA,2.33
3B/OF,Kean Wong (21931611),Kean Wong,21931611,3B/OF,2000,HOU@LAA 04/07/2022 09:38PM ET,LAA,1.91
SS,Jeremiah Jackson (21931613),Jeremiah Jackson,21931613,SS,2000,HOU@LAA 04/07/2022 09:38PM ET,LAA,0
3B,Jake Gatewood (21931619),Jake Gatewood,21931619,3B,2000,HOU@LAA 04/07/2022 09:38PM ET,LAA,0
C,Korey Lee (21931623),Korey Lee,21931623,C,2000,HOU@LAA 04/07/2022 09:38PM ET,HOU,0
OF,Pedro Leon (21931626),Pedro Leon,21931626,OF,2000,HOU@LAA 04/07/2022 09:38PM ET,HOU,0
OF,J.J. Matijevic (21931629),J.J. Matijevic,21931629,OF,2000,HOU@LAA 04/07/2022 09:38PM ET,HOU,0
OF,Colin Barber (21931631),Colin Barber,21931631,OF,2000,HOU@LAA 04/07/2022 09:38PM ET,HOU,0
SS,Kyren Paris (21931638),Kyren Paris,21931638,SS,2000,HOU@LAA 04/07/2022 09:38PM ET,LAA,0
OF,Jordyn Adams (21931640),Jordyn Adams,21931640,OF,2000,HOU@LAA 04/07/2022 09:38PM ET,LAA,0
SS,Arol Vera (21931664),Arol Vera,21931664,SS,2000,HOU@LAA 04/07/2022 09:38PM ET,LAA,0
OF,Jordan Brewer (21931666),Jordan Brewer,21931666,OF,2000,HOU@LAA 04/07/2022 09:38PM ET,HOU,0
SS,Livan Soto (21931681),Livan Soto,21931681,SS,2000,HOU@LAA 04/07/2022 09:38PM ET,LAA,0
SS,Grae Kessinger (21931684),Grae Kessinger,21931684,SS,2000,HOU@LAA 04/07/2022 09:38PM ET,HOU,0
SS,Kevin Maitan (21931694),Kevin Maitan,21931694,SS,2000,HOU@LAA 04/07/2022 09:38PM ET,LAA,0
OF,Zach Daniels (21931695),Zach Daniels,21931695,OF,2000,HOU@LAA 04/07/2022 09:38PM ET,HOU,0
SS,Denzer Guzman (21931711),Denzer Guzman,21931711,SS,2000,HOU@LAA 04/07/2022 09:38PM ET,LAA,0
3B,Joe Perez (21931722),Joe Perez,21931722,3B,2000,HOU@LAA 04/07/2022 09:38PM ET,HOU,0
C,Michael Papierski (21931724),Michael Papierski,21931724,C,2000,HOU@LAA 04/07/2022 09:38PM ET,HOU,0
C,Chad Wallach (21931730),Chad Wallach,21931730,C,2000,HOU@LAA 04/07/2022 09:38PM ET,LAA,3
OF,Dillon Thomas (21931732),Dillon Thomas,21931732,OF,2000,HOU@LAA 04/07/2022 09:38PM ET,LAA,2.75
OF,Magneuris Sierra (21931733),Magneuris Sierra,21931733,OF,2000,HOU@LAA 04/07/2022 09:38PM ET,LAA,2.52
C,Luke Maile (21931462),Luke Maile,21931462,C,2000,CLE@KC 04/07/2022 04:10PM ET,CLE,3.59
SS,Tyler Freeman (21931471),Tyler Freeman,21931471,SS,2000,CLE@KC 04/07/2022 04:10PM ET,CLE,0
3B,Nolan Jones (21931472),Nolan Jones,21931472,3B,2000,CLE@KC 04/07/2022 04:10PM ET,CLE,0
C,Bryan Lavastida (21931479),Bryan Lavastida,21931479,C,2000,CLE@KC 04/07/2022 04:10PM ET,CLE,0
SS,Maikel Garcia (21931487),Maikel Garcia,21931487,SS,2000,CLE@KC 04/07/2022 04:10PM ET,KC,0
OF,George Valera (21931495),George Valera,21931495,OF,2000,CLE@KC 04/07/2022 04:10PM ET,CLE,0
C,Carter Jensen (21931498),Carter Jensen,21931498,C,2000,CLE@KC 04/07/2022 04:10PM ET,KC,0
SS,Daniel Vazquez (21931507),Daniel Vazquez,21931507,SS,2000,CLE@KC 04/07/2022 04:10PM ET,KC,0
C,Gianpaul Gonzalez (21931512),Gianpaul Gonzalez,21931512,C,2000,CLE@KC 04/07/2022 04:10PM ET,CLE,0
OF,Petey Halpin (21931523),Petey Halpin,21931523,OF,2000,CLE@KC 04/07/2022 04:10PM ET,CLE,0
2B/SS,Angel Martinez (21931531),Angel Martinez,21931531,2B/SS,2000,CLE@KC 04/07/2022 04:10PM ET,CLE,0
3B,Jhonkensy Noel (21931534),Jhonkensy Noel,21931534,3B,2000,CLE@KC 04/07/2022 04:10PM ET,CLE,0
1B,Vinnie Pasquantino (21931540),Vinnie Pasquantino,21931540,1B,2000,CLE@KC 04/07/2022 04:10PM ET,KC,0
2B,Peyton Wilson (21931543),Peyton Wilson,21931543,2B,2000,CLE@KC 04/07/2022 04:10PM ET,KC,0
C,Cam Gallagher (21931558),Cam Gallagher,21931558,C,2000,CLE@KC 04/07/2022 04:10PM ET,KC,3.15
2B/3B,Ivan Castillo (21931565),Ivan Castillo,21931565,2B/3B,2000,CLE@KC 04/07/2022 04:10PM ET,KC,2.33
SS,Aaron Bracho (21931614),Aaron Bracho,21931614,SS,2000,CLE@KC 04/07/2022 04:10PM ET,CLE,0
1B,Nick Pratto (21931642),Nick Pratto,21931642,1B,2000,CLE@KC 04/07/2022 04:10PM ET,KC,0
OF,Brewer Hicklen (21931647),Brewer Hicklen,21931647,OF,2000,CLE@KC 04/07/2022 04:10PM ET,KC,0
C,Bo Naylor (21931658),Bo Naylor,21931658,C,2000,CLE@KC 04/07/2022 04:10PM ET,CLE,0
SS,Raynel Delgado (21931674),Raynel Delgado,21931674,SS,2000,CLE@KC 04/07/2022 04:10PM ET,CLE,0
SS,Gabriel Rodriguez (21931685),Gabriel Rodriguez,21931685,SS,2000,CLE@KC 04/07/2022 04:10PM ET,CLE,0
OF,Richie Palacios (21931693),Richie Palacios,21931693,OF,2000,CLE@KC 04/07/2022 04:10PM ET,CLE,0
SS,Jose Tena (21931702),Jose Tena,21931702,SS,2000,CLE@KC 04/07/2022 04:10PM ET,CLE,0
SS,Brayan Rocchio (21931708),Brayan Rocchio,21931708,SS,2000,CLE@KC 04/07/2022 04:10PM ET,CLE,0
OF,Will Benson (21931709),Will Benson,21931709,OF,2000,CLE@KC 04/07/2022 04:10PM ET,CLE,0
C,Freddy Fermin (21931718),Freddy Fermin,21931718,C,2000,CLE@KC 04/07/2022 04:10PM ET,KC,0
SS,Yordys Valdes (21931723),Yordys Valdes,21931723,SS,2000,CLE@KC 04/07/2022 04:10PM ET,CLE,0
OF,Daniel Johnson (21931727),Daniel Johnson,21931727,OF,2000,CLE@KC 04/07/2022 04:10PM ET,CLE,4
C,Sebastian Rivero (21931735),Sebastian Rivero,21931735,C,2000,CLE@KC 04/07/2022 04:10PM ET,KC,2.41
